date,home_team,away_team,home_score,away_score,tournament,city,country,neutral,stage_name,knockout_stage,extra_time,penalty_shootout,match_id
13-07-1930,France,Mexico,4,1,1930 FIFA Men's World Cup,Montevideo,Uruguay,TRUE,group stage,0,0,0,M-1930-01
13-07-1930,United States,Belgium,3,0,1930 FIFA Men's World Cup,Montevideo,Uruguay,TRUE,group stage,0,0,0,M-1930-02
14-07-1930,Yugoslavia,Brazil,2,1,1930 FIFA Men's World Cup,Montevideo,Uruguay,TRUE,group stage,0,0,0,M-1930-03
14-07-1930,Romania,Peru,3,1,1930 FIFA Men's World Cup,Montevideo,Uruguay,TRUE,group stage,0,0,0,M-1930-04
15-07-1930,Argentina,France,1,0,1930 FIFA Men's World Cup,Montevideo,Uruguay,TRUE,group stage,0,0,0,M-1930-05
16-07-1930,Chile,Mexico,3,0,1930 FIFA Men's World Cup,Montevideo,Uruguay,TRUE,group stage,0,0,0,M-1930-06
17-07-1930,Yugoslavia,Bolivia,4,0,1930 FIFA Men's World Cup,Montevideo,Uruguay,TRUE,group stage,0,0,0,M-1930-07
17-07-1930,United States,Paraguay,3,0,1930 FIFA Men's World Cup,Montevideo,Uruguay,TRUE,group stage,0,0,0,M-1930-08
18-07-1930,Uruguay,Peru,1,0,1930 FIFA Men's World Cup,Montevideo,Uruguay,TRUE,group stage,0,0,0,M-1930-09
19-07-1930,Chile,France,1,0,1930 FIFA Men's World Cup,Montevideo,Uruguay,TRUE,group stage,0,0,0,M-1930-10
19-07-1930,Argentina,Mexico,6,3,1930 FIFA Men's World Cup,Montevideo,Uruguay,TRUE,group stage,0,0,0,M-1930-11
20-07-1930,Brazil,Bolivia,4,0,1930 FIFA Men's World Cup,Montevideo,Uruguay,TRUE,group stage,0,0,0,M-1930-12
20-07-1930,Paraguay,Belgium,1,0,1930 FIFA Men's World Cup,Montevideo,Uruguay,TRUE,group stage,0,0,0,M-1930-13
21-07-1930,Uruguay,Romania,4,0,1930 FIFA Men's World Cup,Montevideo,Uruguay,TRUE,group stage,0,0,0,M-1930-14
22-07-1930,Argentina,Chile,3,1,1930 FIFA Men's World Cup,Montevideo,Uruguay,TRUE,group stage,0,0,0,M-1930-15
26-07-1930,Argentina,United States,6,1,1930 FIFA Men's World Cup,Montevideo,Uruguay,TRUE,semi-finals,1,0,0,M-1930-16
27-07-1930,Uruguay,Yugoslavia,6,1,1930 FIFA Men's World Cup,Montevideo,Uruguay,TRUE,semi-finals,1,0,0,M-1930-17
30-07-1930,Uruguay,Argentina,4,2,1930 FIFA Men's World Cup,Montevideo,Uruguay,TRUE,final,1,0,0,M-1930-18
27-05-1934,Austria,France,3,2,1934 FIFA Men's World Cup,Turin,Italy,TRUE,round of 16,1,1,0,M-1934-01
27-05-1934,Czechoslovakia,Romania,2,1,1934 FIFA Men's World Cup,Trieste,Italy,TRUE,round of 16,1,0,0,M-1934-02
27-05-1934,Germany,Belgium,5,2,1934 FIFA Men's World Cup,Florence,Italy,TRUE,round of 16,1,0,0,M-1934-03
27-05-1934,Hungary,Egypt,4,2,1934 FIFA Men's World Cup,Naples,Italy,TRUE,round of 16,1,0,0,M-1934-04
27-05-1934,Italy,United States,7,1,1934 FIFA Men's World Cup,Rome,Italy,TRUE,round of 16,1,0,0,M-1934-05
27-05-1934,Spain,Brazil,3,1,1934 FIFA Men's World Cup,Genoa,Italy,TRUE,round of 16,1,0,0,M-1934-06
27-05-1934,Sweden,Argentina,3,2,1934 FIFA Men's World Cup,Bologna,Italy,TRUE,round of 16,1,0,0,M-1934-07
27-05-1934,Switzerland,Netherlands,3,2,1934 FIFA Men's World Cup,Milan,Italy,TRUE,round of 16,1,0,0,M-1934-08
31-05-1934,Austria,Hungary,2,1,1934 FIFA Men's World Cup,Bologna,Italy,TRUE,quarter-finals,1,0,0,M-1934-09
31-05-1934,Czechoslovakia,Switzerland,3,2,1934 FIFA Men's World Cup,Turin,Italy,TRUE,quarter-finals,1,0,0,M-1934-10
31-05-1934,Germany,Sweden,2,1,1934 FIFA Men's World Cup,Milan,Italy,TRUE,quarter-finals,1,0,0,M-1934-11
31-05-1934,Italy,Spain,1,1,1934 FIFA Men's World Cup,Florence,Italy,TRUE,quarter-finals,1,1,0,M-1934-12
01-06-1934,Italy,Spain,1,0,1934 FIFA Men's World Cup,Florence,Italy,TRUE,quarter-finals,1,0,0,M-1934-13
03-06-1934,Czechoslovakia,Germany,3,1,1934 FIFA Men's World Cup,Rome,Italy,TRUE,semi-finals,1,0,0,M-1934-14
03-06-1934,Italy,Austria,1,0,1934 FIFA Men's World Cup,Milan,Italy,TRUE,semi-finals,1,0,0,M-1934-15
07-06-1934,Germany,Austria,3,2,1934 FIFA Men's World Cup,Naples,Italy,TRUE,third-place match,1,0,0,M-1934-16
10-06-1934,Italy,Czechoslovakia,2,1,1934 FIFA Men's World Cup,Rome,Italy,TRUE,final,1,1,0,M-1934-17
04-06-1938,Switzerland,Germany,1,1,1938 FIFA Men's World Cup,Paris,France,TRUE,round of 16,1,1,0,M-1938-01
05-06-1938,Cuba,Romania,3,3,1938 FIFA Men's World Cup,Toulouse,France,TRUE,round of 16,1,1,0,M-1938-02
05-06-1938,France,Belgium,3,1,1938 FIFA Men's World Cup,Paris,France,TRUE,round of 16,1,0,0,M-1938-03
05-06-1938,Hungary,Dutch East Indies,6,0,1938 FIFA Men's World Cup,Reims,France,TRUE,round of 16,1,0,0,M-1938-04
05-06-1938,Italy,Norway,2,1,1938 FIFA Men's World Cup,Marseille,France,TRUE,round of 16,1,1,0,M-1938-05
05-06-1938,Brazil,Poland,6,5,1938 FIFA Men's World Cup,Strasbourg,France,TRUE,round of 16,1,1,0,M-1938-06
05-06-1938,Czechoslovakia,Netherlands,3,0,1938 FIFA Men's World Cup,Le Havre,France,TRUE,round of 16,1,1,0,M-1938-07
09-06-1938,Cuba,Romania,2,1,1938 FIFA Men's World Cup,Toulouse,France,TRUE,round of 16,1,0,0,M-1938-08
09-06-1938,Switzerland,Germany,4,2,1938 FIFA Men's World Cup,Paris,France,TRUE,round of 16,1,0,0,M-1938-09
12-06-1938,Brazil,Czechoslovakia,1,1,1938 FIFA Men's World Cup,Bordeaux,France,TRUE,quarter-finals,1,1,0,M-1938-10
12-06-1938,Hungary,Switzerland,2,0,1938 FIFA Men's World Cup,Lille,France,TRUE,quarter-finals,1,0,0,M-1938-11
12-06-1938,Italy,France,3,1,1938 FIFA Men's World Cup,Paris,France,TRUE,quarter-finals,1,0,0,M-1938-12
12-06-1938,Sweden,Cuba,8,0,1938 FIFA Men's World Cup,Antibes,France,TRUE,quarter-finals,1,0,0,M-1938-13
14-06-1938,Brazil,Czechoslovakia,2,1,1938 FIFA Men's World Cup,Bordeaux,France,TRUE,quarter-finals,1,0,0,M-1938-14
16-06-1938,Hungary,Sweden,5,1,1938 FIFA Men's World Cup,Paris,France,TRUE,semi-finals,1,0,0,M-1938-15
16-06-1938,Italy,Brazil,2,1,1938 FIFA Men's World Cup,Marseille,France,TRUE,semi-finals,1,0,0,M-1938-16
19-06-1938,Brazil,Sweden,4,2,1938 FIFA Men's World Cup,Bordeaux,France,TRUE,third-place match,1,0,0,M-1938-17
19-06-1938,Italy,Hungary,4,2,1938 FIFA Men's World Cup,Paris,France,TRUE,final,1,0,0,M-1938-18
24-06-1950,Brazil,Mexico,4,0,1950 FIFA Men's World Cup,Rio de Janeiro,Brazil,TRUE,group stage,0,0,0,M-1950-01
25-06-1950,Yugoslavia,Switzerland,3,0,1950 FIFA Men's World Cup,Belo Horizonte,Brazil,TRUE,group stage,0,0,0,M-1950-02
25-06-1950,England,Chile,2,0,1950 FIFA Men's World Cup,Rio de Janeiro,Brazil,TRUE,group stage,0,0,0,M-1950-03
25-06-1950,Spain,United States,3,1,1950 FIFA Men's World Cup,Curitiba,Brazil,TRUE,group stage,0,0,0,M-1950-04
25-06-1950,Sweden,Italy,3,2,1950 FIFA Men's World Cup,São Paulo,Brazil,TRUE,group stage,0,0,0,M-1950-05
28-06-1950,Brazil,Switzerland,2,2,1950 FIFA Men's World Cup,São Paulo,Brazil,TRUE,group stage,0,0,0,M-1950-06
28-06-1950,Yugoslavia,Mexico,4,1,1950 FIFA Men's World Cup,Porto Alegre,Brazil,TRUE,group stage,0,0,0,M-1950-07
29-06-1950,Spain,Chile,2,0,1950 FIFA Men's World Cup,Rio de Janeiro,Brazil,TRUE,group stage,0,0,0,M-1950-08
29-06-1950,United States,England,1,0,1950 FIFA Men's World Cup,Belo Horizonte,Brazil,TRUE,group stage,0,0,0,M-1950-09
29-06-1950,Sweden,Paraguay,2,2,1950 FIFA Men's World Cup,Curitiba,Brazil,TRUE,group stage,0,0,0,M-1950-10
01-07-1950,Brazil,Yugoslavia,2,0,1950 FIFA Men's World Cup,Rio de Janeiro,Brazil,TRUE,group stage,0,0,0,M-1950-11
02-07-1950,Chile,United States,5,2,1950 FIFA Men's World Cup,Recife,Brazil,TRUE,group stage,0,0,0,M-1950-12
02-07-1950,Spain,England,1,0,1950 FIFA Men's World Cup,Rio de Janeiro,Brazil,TRUE,group stage,0,0,0,M-1950-13
02-07-1950,Italy,Paraguay,2,0,1950 FIFA Men's World Cup,São Paulo,Brazil,TRUE,group stage,0,0,0,M-1950-14
02-07-1950,Uruguay,Bolivia,8,0,1950 FIFA Men's World Cup,Belo Horizonte,Brazil,TRUE,group stage,0,0,0,M-1950-15
02-07-1950,Switzerland,Mexico,2,1,1950 FIFA Men's World Cup,Porto Alegre,Brazil,TRUE,group stage,0,0,0,M-1950-16
09-07-1950,Brazil,Sweden,7,1,1950 FIFA Men's World Cup,Rio de Janeiro,Brazil,TRUE,final round,0,0,0,M-1950-17
09-07-1950,Uruguay,Spain,2,2,1950 FIFA Men's World Cup,São Paulo,Brazil,TRUE,final round,0,0,0,M-1950-18
13-07-1950,Brazil,Spain,6,1,1950 FIFA Men's World Cup,Rio de Janeiro,Brazil,TRUE,final round,0,0,0,M-1950-19
13-07-1950,Uruguay,Sweden,3,2,1950 FIFA Men's World Cup,São Paulo,Brazil,TRUE,final round,0,0,0,M-1950-20
16-07-1950,Sweden,Spain,3,1,1950 FIFA Men's World Cup,São Paulo,Brazil,TRUE,final round,0,0,0,M-1950-21
16-07-1950,Uruguay,Brazil,2,1,1950 FIFA Men's World Cup,Rio de Janeiro,Brazil,TRUE,final round,0,0,0,M-1950-22
16-06-1954,Brazil,Mexico,5,0,1954 FIFA Men's World Cup,Geneva,Switzerland,TRUE,group stage,0,0,0,M-1954-01
16-06-1954,Yugoslavia,France,1,0,1954 FIFA Men's World Cup,Lausanne,Switzerland,TRUE,group stage,0,0,0,M-1954-02
16-06-1954,Austria,Scotland,1,0,1954 FIFA Men's World Cup,Zürich,Switzerland,TRUE,group stage,0,0,0,M-1954-03
16-06-1954,Uruguay,Czechoslovakia,2,0,1954 FIFA Men's World Cup,Bern,Switzerland,TRUE,group stage,0,0,0,M-1954-04
17-06-1954,Switzerland,Italy,2,1,1954 FIFA Men's World Cup,Lausanne,Switzerland,TRUE,group stage,0,0,0,M-1954-05
17-06-1954,Hungary,South Korea,9,0,1954 FIFA Men's World Cup,Zürich,Switzerland,TRUE,group stage,0,0,0,M-1954-06
17-06-1954,West Germany,Turkey,4,1,1954 FIFA Men's World Cup,Bern,Switzerland,TRUE,group stage,0,0,0,M-1954-07
17-06-1954,England,Belgium,4,4,1954 FIFA Men's World Cup,Basel,Switzerland,TRUE,group stage,0,1,0,M-1954-08
19-06-1954,Uruguay,Scotland,7,0,1954 FIFA Men's World Cup,Basel,Switzerland,TRUE,group stage,0,0,0,M-1954-09
19-06-1954,Brazil,Yugoslavia,1,1,1954 FIFA Men's World Cup,Lausanne,Switzerland,TRUE,group stage,0,1,0,M-1954-10
19-06-1954,Austria,Czechoslovakia,5,0,1954 FIFA Men's World Cup,Zürich,Switzerland,TRUE,group stage,0,0,0,M-1954-11
19-06-1954,France,Mexico,3,2,1954 FIFA Men's World Cup,Geneva,Switzerland,TRUE,group stage,0,0,0,M-1954-12
20-06-1954,Hungary,West Germany,8,3,1954 FIFA Men's World Cup,Basel,Switzerland,TRUE,group stage,0,0,0,M-1954-13
20-06-1954,Turkey,South Korea,7,0,1954 FIFA Men's World Cup,Geneva,Switzerland,TRUE,group stage,0,0,0,M-1954-14
20-06-1954,Italy,Belgium,4,1,1954 FIFA Men's World Cup,Lugano,Switzerland,TRUE,group stage,0,0,0,M-1954-15
20-06-1954,England,Switzerland,2,0,1954 FIFA Men's World Cup,Bern,Switzerland,TRUE,group stage,0,0,0,M-1954-16
23-06-1954,West Germany,Turkey,7,2,1954 FIFA Men's World Cup,Zürich,Switzerland,TRUE,group stage,0,0,0,M-1954-17
23-06-1954,Switzerland,Italy,4,1,1954 FIFA Men's World Cup,Basel,Switzerland,TRUE,group stage,0,0,0,M-1954-18
26-06-1954,Austria,Switzerland,7,5,1954 FIFA Men's World Cup,Lausanne,Switzerland,TRUE,quarter-finals,1,0,0,M-1954-19
26-06-1954,Uruguay,England,4,2,1954 FIFA Men's World Cup,Basel,Switzerland,TRUE,quarter-finals,1,0,0,M-1954-20
27-06-1954,Hungary,Brazil,4,2,1954 FIFA Men's World Cup,Bern,Switzerland,TRUE,quarter-finals,1,0,0,M-1954-21
27-06-1954,West Germany,Yugoslavia,2,0,1954 FIFA Men's World Cup,Geneva,Switzerland,TRUE,quarter-finals,1,0,0,M-1954-22
30-06-1954,Hungary,Uruguay,4,2,1954 FIFA Men's World Cup,Lausanne,Switzerland,TRUE,semi-finals,1,1,0,M-1954-23
30-06-1954,West Germany,Austria,6,1,1954 FIFA Men's World Cup,Basel,Switzerland,TRUE,semi-finals,1,0,0,M-1954-24
03-07-1954,Austria,Uruguay,3,1,1954 FIFA Men's World Cup,Zürich,Switzerland,TRUE,third-place match,1,0,0,M-1954-25
04-07-1954,West Germany,Hungary,3,2,1954 FIFA Men's World Cup,Bern,Switzerland,TRUE,final,1,0,0,M-1954-26
08-06-1958,Sweden,Mexico,3,0,1958 FIFA Men's World Cup,Solna,Sweden,TRUE,group stage,0,0,0,M-1958-01
08-06-1958,Argentina,West Germany,1,3,1958 FIFA Men's World Cup,Malmö,Sweden,TRUE,group stage,0,0,0,M-1958-02
08-06-1958,Northern Ireland,Czechoslovakia,1,0,1958 FIFA Men's World Cup,Halmstad,Sweden,TRUE,group stage,0,0,0,M-1958-03
08-06-1958,France,Paraguay,7,3,1958 FIFA Men's World Cup,Norrköping,Sweden,TRUE,group stage,0,0,0,M-1958-04
08-06-1958,Yugoslavia,Scotland,1,1,1958 FIFA Men's World Cup,Västerås,Sweden,TRUE,group stage,0,0,0,M-1958-05
08-06-1958,Hungary,Wales,1,1,1958 FIFA Men's World Cup,Sandviken,Sweden,TRUE,group stage,0,0,0,M-1958-06
08-06-1958,Brazil,Austria,3,0,1958 FIFA Men's World Cup,Uddevalla,Sweden,TRUE,group stage,0,0,0,M-1958-07
08-06-1958,Soviet Union,England,2,2,1958 FIFA Men's World Cup,Gothenburg,Sweden,TRUE,group stage,0,0,0,M-1958-08
11-06-1958,Argentina,Northern Ireland,3,1,1958 FIFA Men's World Cup,Halmstad,Sweden,TRUE,group stage,0,0,0,M-1958-09
11-06-1958,West Germany,Czechoslovakia,2,2,1958 FIFA Men's World Cup,Helsingborg,Sweden,TRUE,group stage,0,0,0,M-1958-10
11-06-1958,Paraguay,Scotland,3,2,1958 FIFA Men's World Cup,Norrköping,Sweden,TRUE,group stage,0,0,0,M-1958-11
11-06-1958,Yugoslavia,France,3,2,1958 FIFA Men's World Cup,Västerås,Sweden,TRUE,group stage,0,0,0,M-1958-12
11-06-1958,Mexico,Wales,1,1,1958 FIFA Men's World Cup,Solna,Sweden,TRUE,group stage,0,0,0,M-1958-13
11-06-1958,Brazil,England,0,0,1958 FIFA Men's World Cup,Gothenburg,Sweden,TRUE,group stage,0,0,0,M-1958-14
11-06-1958,Soviet Union,Austria,2,0,1958 FIFA Men's World Cup,Borås,Sweden,TRUE,group stage,0,0,0,M-1958-15
12-06-1958,Sweden,Hungary,2,1,1958 FIFA Men's World Cup,Solna,Sweden,TRUE,group stage,0,0,0,M-1958-16
15-06-1958,Sweden,Wales,0,0,1958 FIFA Men's World Cup,Solna,Sweden,TRUE,group stage,0,0,0,M-1958-17
15-06-1958,Czechoslovakia,Argentina,6,1,1958 FIFA Men's World Cup,Helsingborg,Sweden,TRUE,group stage,0,0,0,M-1958-18
15-06-1958,West Germany,Northern Ireland,2,2,1958 FIFA Men's World Cup,Malmö,Sweden,TRUE,group stage,0,0,0,M-1958-19
15-06-1958,France,Scotland,2,1,1958 FIFA Men's World Cup,Örebro,Sweden,TRUE,group stage,0,0,0,M-1958-20
15-06-1958,Paraguay,Yugoslavia,3,3,1958 FIFA Men's World Cup,Eskilstuna,Sweden,TRUE,group stage,0,0,0,M-1958-21
15-06-1958,Hungary,Mexico,4,0,1958 FIFA Men's World Cup,Sandviken,Sweden,TRUE,group stage,0,0,0,M-1958-22
15-06-1958,Brazil,Soviet Union,2,0,1958 FIFA Men's World Cup,Gothenburg,Sweden,TRUE,group stage,0,0,0,M-1958-23
15-06-1958,England,Austria,2,2,1958 FIFA Men's World Cup,Borås,Sweden,TRUE,group stage,0,0,0,M-1958-24
17-06-1958,Northern Ireland,Czechoslovakia,2,1,1958 FIFA Men's World Cup,Malmö,Sweden,TRUE,group stage,0,1,0,M-1958-25
17-06-1958,Wales,Hungary,2,1,1958 FIFA Men's World Cup,Solna,Sweden,TRUE,group stage,0,0,0,M-1958-26
17-06-1958,Soviet Union,England,1,0,1958 FIFA Men's World Cup,Gothenburg,Sweden,TRUE,group stage,0,0,0,M-1958-27
19-06-1958,Brazil,Wales,1,0,1958 FIFA Men's World Cup,Gothenburg,Sweden,TRUE,quarter-finals,1,0,0,M-1958-28
19-06-1958,France,Northern Ireland,4,0,1958 FIFA Men's World Cup,Norrköping,Sweden,TRUE,quarter-finals,1,0,0,M-1958-29
19-06-1958,Sweden,Soviet Union,2,0,1958 FIFA Men's World Cup,Solna,Sweden,TRUE,quarter-finals,1,0,0,M-1958-30
19-06-1958,West Germany,Yugoslavia,1,0,1958 FIFA Men's World Cup,Malmö,Sweden,TRUE,quarter-finals,1,0,0,M-1958-31
24-06-1958,Brazil,France,5,2,1958 FIFA Men's World Cup,Solna,Sweden,TRUE,semi-finals,1,0,0,M-1958-32
24-06-1958,Sweden,West Germany,3,1,1958 FIFA Men's World Cup,Gothenburg,Sweden,TRUE,semi-finals,1,0,0,M-1958-33
28-06-1958,France,West Germany,6,3,1958 FIFA Men's World Cup,Gothenburg,Sweden,TRUE,third-place match,1,0,0,M-1958-34
29-06-1958,Brazil,Sweden,5,2,1958 FIFA Men's World Cup,Solna,Sweden,TRUE,final,1,0,0,M-1958-35
30-05-1962,Uruguay,Colombia,2,1,1962 FIFA Men's World Cup,Arica,Chile,TRUE,group stage,0,0,0,M-1962-01
30-05-1962,Chile,Switzerland,3,1,1962 FIFA Men's World Cup,Santiago,Chile,TRUE,group stage,0,0,0,M-1962-02
30-05-1962,Brazil,Mexico,2,0,1962 FIFA Men's World Cup,Viña del Mar,Chile,TRUE,group stage,0,0,0,M-1962-03
30-05-1962,Argentina,Bulgaria,1,0,1962 FIFA Men's World Cup,Rancagua,Chile,TRUE,group stage,0,0,0,M-1962-04
31-05-1962,Soviet Union,Yugoslavia,2,0,1962 FIFA Men's World Cup,Arica,Chile,TRUE,group stage,0,0,0,M-1962-05
31-05-1962,West Germany,Italy,0,0,1962 FIFA Men's World Cup,Santiago,Chile,TRUE,group stage,0,0,0,M-1962-06
31-05-1962,Czechoslovakia,Spain,1,0,1962 FIFA Men's World Cup,Viña del Mar,Chile,TRUE,group stage,0,0,0,M-1962-07
31-05-1962,Hungary,England,2,1,1962 FIFA Men's World Cup,Rancagua,Chile,TRUE,group stage,0,0,0,M-1962-08
02-06-1962,Yugoslavia,Uruguay,3,1,1962 FIFA Men's World Cup,Arica,Chile,TRUE,group stage,0,0,0,M-1962-09
02-06-1962,Chile,Italy,2,0,1962 FIFA Men's World Cup,Santiago,Chile,TRUE,group stage,0,0,0,M-1962-10
02-06-1962,Brazil,Czechoslovakia,0,0,1962 FIFA Men's World Cup,Viña del Mar,Chile,TRUE,group stage,0,0,0,M-1962-11
02-06-1962,England,Argentina,3,1,1962 FIFA Men's World Cup,Rancagua,Chile,TRUE,group stage,0,0,0,M-1962-12
03-06-1962,Soviet Union,Colombia,4,4,1962 FIFA Men's World Cup,Arica,Chile,TRUE,group stage,0,0,0,M-1962-13
03-06-1962,West Germany,Switzerland,2,1,1962 FIFA Men's World Cup,Santiago,Chile,TRUE,group stage,0,0,0,M-1962-14
03-06-1962,Spain,Mexico,1,0,1962 FIFA Men's World Cup,Viña del Mar,Chile,TRUE,group stage,0,0,0,M-1962-15
03-06-1962,Hungary,Bulgaria,6,1,1962 FIFA Men's World Cup,Rancagua,Chile,TRUE,group stage,0,0,0,M-1962-16
06-06-1962,Soviet Union,Uruguay,2,1,1962 FIFA Men's World Cup,Arica,Chile,TRUE,group stage,0,0,0,M-1962-17
06-06-1962,West Germany,Chile,2,0,1962 FIFA Men's World Cup,Santiago,Chile,TRUE,group stage,0,0,0,M-1962-18
06-06-1962,Brazil,Spain,2,1,1962 FIFA Men's World Cup,Viña del Mar,Chile,TRUE,group stage,0,0,0,M-1962-19
06-06-1962,Hungary,Argentina,0,0,1962 FIFA Men's World Cup,Rancagua,Chile,TRUE,group stage,0,0,0,M-1962-20
07-06-1962,Yugoslavia,Colombia,5,0,1962 FIFA Men's World Cup,Arica,Chile,TRUE,group stage,0,0,0,M-1962-21
07-06-1962,Italy,Switzerland,3,0,1962 FIFA Men's World Cup,Santiago,Chile,TRUE,group stage,0,0,0,M-1962-22
07-06-1962,Mexico,Czechoslovakia,3,1,1962 FIFA Men's World Cup,Viña del Mar,Chile,TRUE,group stage,0,0,0,M-1962-23
07-06-1962,England,Bulgaria,0,0,1962 FIFA Men's World Cup,Rancagua,Chile,TRUE,group stage,0,0,0,M-1962-24
10-06-1962,Brazil,England,3,1,1962 FIFA Men's World Cup,Viña del Mar,Chile,TRUE,quarter-finals,1,0,0,M-1962-25
10-06-1962,Chile,Soviet Union,2,1,1962 FIFA Men's World Cup,Arica,Chile,TRUE,quarter-finals,1,0,0,M-1962-26
10-06-1962,Czechoslovakia,Hungary,1,0,1962 FIFA Men's World Cup,Rancagua,Chile,TRUE,quarter-finals,1,0,0,M-1962-27
10-06-1962,Yugoslavia,West Germany,1,0,1962 FIFA Men's World Cup,Santiago,Chile,TRUE,quarter-finals,1,0,0,M-1962-28
13-06-1962,Brazil,Chile,4,2,1962 FIFA Men's World Cup,Santiago,Chile,TRUE,semi-finals,1,0,0,M-1962-29
13-06-1962,Czechoslovakia,Yugoslavia,3,1,1962 FIFA Men's World Cup,Viña del Mar,Chile,TRUE,semi-finals,1,0,0,M-1962-30
16-06-1962,Chile,Yugoslavia,1,0,1962 FIFA Men's World Cup,Santiago,Chile,TRUE,third-place match,1,0,0,M-1962-31
17-06-1962,Brazil,Czechoslovakia,3,1,1962 FIFA Men's World Cup,Santiago,Chile,TRUE,final,1,0,0,M-1962-32
11-07-1966,England,Uruguay,0,0,1966 FIFA Men's World Cup,London,England,TRUE,group stage,0,0,0,M-1966-01
12-07-1966,West Germany,Switzerland,5,0,1966 FIFA Men's World Cup,Sheffield,England,TRUE,group stage,0,0,0,M-1966-02
12-07-1966,Brazil,Bulgaria,2,0,1966 FIFA Men's World Cup,Liverpool,England,TRUE,group stage,0,0,0,M-1966-03
12-07-1966,Soviet Union,North Korea,3,0,1966 FIFA Men's World Cup,Middlesbrough,England,TRUE,group stage,0,0,0,M-1966-04
13-07-1966,France,Mexico,1,1,1966 FIFA Men's World Cup,London,England,TRUE,group stage,0,0,0,M-1966-05
13-07-1966,Argentina,Spain,2,1,1966 FIFA Men's World Cup,Birmingham,England,TRUE,group stage,0,0,0,M-1966-06
13-07-1966,Portugal,Hungary,3,1,1966 FIFA Men's World Cup,Manchester,England,TRUE,group stage,0,0,0,M-1966-07
13-07-1966,Italy,Chile,2,0,1966 FIFA Men's World Cup,Sunderland,England,TRUE,group stage,0,0,0,M-1966-08
15-07-1966,Uruguay,France,2,1,1966 FIFA Men's World Cup,London,England,TRUE,group stage,0,0,0,M-1966-09
15-07-1966,Spain,Switzerland,2,1,1966 FIFA Men's World Cup,Sheffield,England,TRUE,group stage,0,0,0,M-1966-10
15-07-1966,Hungary,Brazil,3,1,1966 FIFA Men's World Cup,Liverpool,England,TRUE,group stage,0,0,0,M-1966-11
15-07-1966,Chile,North Korea,1,1,1966 FIFA Men's World Cup,Middlesbrough,England,TRUE,group stage,0,0,0,M-1966-12
16-07-1966,Argentina,West Germany,0,0,1966 FIFA Men's World Cup,Birmingham,England,TRUE,group stage,0,0,0,M-1966-13
16-07-1966,Portugal,Bulgaria,3,0,1966 FIFA Men's World Cup,Manchester,England,TRUE,group stage,0,0,0,M-1966-14
16-07-1966,Soviet Union,Italy,1,0,1966 FIFA Men's World Cup,Sunderland,England,TRUE,group stage,0,0,0,M-1966-15
16-07-1966,England,Mexico,2,0,1966 FIFA Men's World Cup,London,England,TRUE,group stage,0,0,0,M-1966-16
19-07-1966,Mexico,Uruguay,0,0,1966 FIFA Men's World Cup,London,England,TRUE,group stage,0,0,0,M-1966-17
19-07-1966,Argentina,Switzerland,2,0,1966 FIFA Men's World Cup,Sheffield,England,TRUE,group stage,0,0,0,M-1966-18
19-07-1966,Portugal,Brazil,3,1,1966 FIFA Men's World Cup,Liverpool,England,TRUE,group stage,0,0,0,M-1966-19
19-07-1966,North Korea,Italy,1,0,1966 FIFA Men's World Cup,Middlesbrough,England,TRUE,group stage,0,0,0,M-1966-20
20-07-1966,England,France,2,0,1966 FIFA Men's World Cup,London,England,TRUE,group stage,0,0,0,M-1966-21
20-07-1966,West Germany,Spain,2,1,1966 FIFA Men's World Cup,Birmingham,England,TRUE,group stage,0,0,0,M-1966-22
20-07-1966,Hungary,Bulgaria,3,1,1966 FIFA Men's World Cup,Manchester,England,TRUE,group stage,0,0,0,M-1966-23
20-07-1966,Soviet Union,Chile,2,1,1966 FIFA Men's World Cup,Sunderland,England,TRUE,group stage,0,0,0,M-1966-24
23-07-1966,England,Argentina,1,0,1966 FIFA Men's World Cup,London,England,TRUE,quarter-finals,1,0,0,M-1966-25
23-07-1966,Portugal,North Korea,5,3,1966 FIFA Men's World Cup,Liverpool,England,TRUE,quarter-finals,1,0,0,M-1966-26
23-07-1966,Soviet Union,Hungary,2,1,1966 FIFA Men's World Cup,Sunderland,England,TRUE,quarter-finals,1,0,0,M-1966-27
23-07-1966,West Germany,Uruguay,4,0,1966 FIFA Men's World Cup,Sheffield,England,TRUE,quarter-finals,1,0,0,M-1966-28
25-07-1966,West Germany,Soviet Union,2,1,1966 FIFA Men's World Cup,Liverpool,England,TRUE,semi-finals,1,0,0,M-1966-29
26-07-1966,England,Portugal,2,1,1966 FIFA Men's World Cup,London,England,TRUE,semi-finals,1,0,0,M-1966-30
28-07-1966,Portugal,Soviet Union,2,1,1966 FIFA Men's World Cup,London,England,TRUE,third-place match,1,0,0,M-1966-31
30-07-1966,England,West Germany,4,2,1966 FIFA Men's World Cup,London,England,TRUE,final,1,1,0,M-1966-32
31-05-1970,Mexico,Soviet Union,0,0,1970 FIFA Men's World Cup,Mexico City,Mexico,TRUE,group stage,0,0,0,M-1970-01
02-06-1970,Uruguay,Israel,2,0,1970 FIFA Men's World Cup,Puebla,Mexico,TRUE,group stage,0,0,0,M-1970-02
02-06-1970,England,Romania,1,0,1970 FIFA Men's World Cup,Guadalajara,Mexico,TRUE,group stage,0,0,0,M-1970-03
02-06-1970,Peru,Bulgaria,3,2,1970 FIFA Men's World Cup,León,Mexico,TRUE,group stage,0,0,0,M-1970-04
03-06-1970,Belgium,El Salvador,3,0,1970 FIFA Men's World Cup,Mexico City,Mexico,TRUE,group stage,0,0,0,M-1970-05
03-06-1970,Italy,Sweden,1,0,1970 FIFA Men's World Cup,Toluca,Mexico,TRUE,group stage,0,0,0,M-1970-06
03-06-1970,Brazil,Czechoslovakia,4,1,1970 FIFA Men's World Cup,Guadalajara,Mexico,TRUE,group stage,0,0,0,M-1970-07
03-06-1970,West Germany,Morocco,2,1,1970 FIFA Men's World Cup,León,Mexico,TRUE,group stage,0,0,0,M-1970-08
06-06-1970,Soviet Union,Belgium,4,1,1970 FIFA Men's World Cup,Mexico City,Mexico,TRUE,group stage,0,0,0,M-1970-09
06-06-1970,Uruguay,Italy,0,0,1970 FIFA Men's World Cup,Puebla,Mexico,TRUE,group stage,0,0,0,M-1970-10
06-06-1970,Romania,Czechoslovakia,2,1,1970 FIFA Men's World Cup,Guadalajara,Mexico,TRUE,group stage,0,0,0,M-1970-11
06-06-1970,Peru,Morocco,3,0,1970 FIFA Men's World Cup,León,Mexico,TRUE,group stage,0,0,0,M-1970-12
07-06-1970,Mexico,El Salvador,4,0,1970 FIFA Men's World Cup,Mexico City,Mexico,TRUE,group stage,0,0,0,M-1970-13
07-06-1970,Sweden,Israel,1,1,1970 FIFA Men's World Cup,Toluca,Mexico,TRUE,group stage,0,0,0,M-1970-14
07-06-1970,Brazil,England,1,0,1970 FIFA Men's World Cup,Guadalajara,Mexico,TRUE,group stage,0,0,0,M-1970-15
07-06-1970,West Germany,Bulgaria,5,2,1970 FIFA Men's World Cup,León,Mexico,TRUE,group stage,0,0,0,M-1970-16
10-06-1970,Soviet Union,El Salvador,2,0,1970 FIFA Men's World Cup,Mexico City,Mexico,TRUE,group stage,0,0,0,M-1970-17
10-06-1970,Sweden,Uruguay,1,0,1970 FIFA Men's World Cup,Puebla,Mexico,TRUE,group stage,0,0,0,M-1970-18
10-06-1970,Brazil,Romania,3,2,1970 FIFA Men's World Cup,Guadalajara,Mexico,TRUE,group stage,0,0,0,M-1970-19
10-06-1970,West Germany,Peru,3,1,1970 FIFA Men's World Cup,León,Mexico,TRUE,group stage,0,0,0,M-1970-20
11-06-1970,Mexico,Belgium,1,0,1970 FIFA Men's World Cup,Mexico City,Mexico,TRUE,group stage,0,0,0,M-1970-21
11-06-1970,Italy,Israel,0,0,1970 FIFA Men's World Cup,Toluca,Mexico,TRUE,group stage,0,0,0,M-1970-22
11-06-1970,England,Czechoslovakia,1,0,1970 FIFA Men's World Cup,Guadalajara,Mexico,TRUE,group stage,0,0,0,M-1970-23
11-06-1970,Bulgaria,Morocco,1,1,1970 FIFA Men's World Cup,León,Mexico,TRUE,group stage,0,0,0,M-1970-24
14-06-1970,Brazil,Peru,4,2,1970 FIFA Men's World Cup,Guadalajara,Mexico,TRUE,quarter-finals,1,0,0,M-1970-25
14-06-1970,Italy,Mexico,4,1,1970 FIFA Men's World Cup,Toluca,Mexico,TRUE,quarter-finals,1,0,0,M-1970-26
14-06-1970,Soviet Union,Uruguay,0,1,1970 FIFA Men's World Cup,Mexico City,Mexico,TRUE,quarter-finals,1,1,0,M-1970-27
14-06-1970,West Germany,England,3,2,1970 FIFA Men's World Cup,León,Mexico,TRUE,quarter-finals,1,1,0,M-1970-28
17-06-1970,Brazil,Uruguay,3,1,1970 FIFA Men's World Cup,Guadalajara,Mexico,TRUE,semi-finals,1,0,0,M-1970-29
17-06-1970,Italy,West Germany,4,3,1970 FIFA Men's World Cup,Mexico City,Mexico,TRUE,semi-finals,1,1,0,M-1970-30
20-06-1970,West Germany,Uruguay,1,0,1970 FIFA Men's World Cup,Mexico City,Mexico,TRUE,third-place match,1,0,0,M-1970-31
21-06-1970,Brazil,Italy,4,1,1970 FIFA Men's World Cup,Mexico City,Mexico,TRUE,final,1,0,0,M-1970-32
13-06-1974,Brazil,Yugoslavia,0,0,1974 FIFA Men's World Cup,Frankfurt,Germany,TRUE,group stage,0,0,0,M-1974-01
14-06-1974,West Germany,Chile,1,0,1974 FIFA Men's World Cup,Berlin,Germany,TRUE,group stage,0,0,0,M-1974-02
14-06-1974,East Germany,Australia,2,0,1974 FIFA Men's World Cup,Hamburg,Germany,TRUE,group stage,0,0,0,M-1974-03
14-06-1974,Zaire,Scotland,0,2,1974 FIFA Men's World Cup,Dortmund,Germany,TRUE,group stage,0,0,0,M-1974-04
15-06-1974,Sweden,Bulgaria,0,0,1974 FIFA Men's World Cup,Düsseldorf,Germany,TRUE,group stage,0,0,0,M-1974-05
15-06-1974,Uruguay,Netherlands,0,2,1974 FIFA Men's World Cup,Hanover,Germany,TRUE,group stage,0,0,0,M-1974-06
15-06-1974,Italy,Haiti,3,1,1974 FIFA Men's World Cup,Munich,Germany,TRUE,group stage,0,0,0,M-1974-07
15-06-1974,Poland,Argentina,3,2,1974 FIFA Men's World Cup,Stuttgart,Germany,TRUE,group stage,0,0,0,M-1974-08
18-06-1974,Australia,West Germany,0,3,1974 FIFA Men's World Cup,Hamburg,Germany,TRUE,group stage,0,0,0,M-1974-09
18-06-1974,Chile,East Germany,1,1,1974 FIFA Men's World Cup,Berlin,Germany,TRUE,group stage,0,0,0,M-1974-10
18-06-1974,Scotland,Brazil,0,0,1974 FIFA Men's World Cup,Frankfurt,Germany,TRUE,group stage,0,0,0,M-1974-11
18-06-1974,Yugoslavia,Zaire,9,0,1974 FIFA Men's World Cup,Gelsenkirchen,Germany,TRUE,group stage,0,0,0,M-1974-12
19-06-1974,Bulgaria,Uruguay,1,1,1974 FIFA Men's World Cup,Hanover,Germany,TRUE,group stage,0,0,0,M-1974-13
19-06-1974,Netherlands,Sweden,0,0,1974 FIFA Men's World Cup,Dortmund,Germany,TRUE,group stage,0,0,0,M-1974-14
19-06-1974,Argentina,Italy,1,1,1974 FIFA Men's World Cup,Stuttgart,Germany,TRUE,group stage,0,0,0,M-1974-15
19-06-1974,Haiti,Poland,0,7,1974 FIFA Men's World Cup,Munich,Germany,TRUE,group stage,0,0,0,M-1974-16
22-06-1974,Australia,Chile,0,0,1974 FIFA Men's World Cup,Berlin,Germany,TRUE,group stage,0,0,0,M-1974-17
22-06-1974,Scotland,Yugoslavia,1,1,1974 FIFA Men's World Cup,Frankfurt,Germany,TRUE,group stage,0,0,0,M-1974-18
22-06-1974,Zaire,Brazil,0,3,1974 FIFA Men's World Cup,Gelsenkirchen,Germany,TRUE,group stage,0,0,0,M-1974-19
22-06-1974,East Germany,West Germany,1,0,1974 FIFA Men's World Cup,Hamburg,Germany,TRUE,group stage,0,0,0,M-1974-20
23-06-1974,Bulgaria,Netherlands,1,4,1974 FIFA Men's World Cup,Dortmund,Germany,TRUE,group stage,0,0,0,M-1974-21
23-06-1974,Sweden,Uruguay,3,0,1974 FIFA Men's World Cup,Düsseldorf,Germany,TRUE,group stage,0,0,0,M-1974-22
23-06-1974,Argentina,Haiti,4,1,1974 FIFA Men's World Cup,Munich,Germany,TRUE,group stage,0,0,0,M-1974-23
23-06-1974,Poland,Italy,2,1,1974 FIFA Men's World Cup,Stuttgart,Germany,TRUE,group stage,0,0,0,M-1974-24
26-06-1974,Yugoslavia,West Germany,0,2,1974 FIFA Men's World Cup,Düsseldorf,Germany,TRUE,second group stage,0,0,0,M-1974-25
26-06-1974,Brazil,East Germany,1,0,1974 FIFA Men's World Cup,Hanover,Germany,TRUE,second group stage,0,0,0,M-1974-26
26-06-1974,Netherlands,Argentina,4,0,1974 FIFA Men's World Cup,Gelsenkirchen,Germany,TRUE,second group stage,0,0,0,M-1974-27
26-06-1974,Sweden,Poland,0,1,1974 FIFA Men's World Cup,Stuttgart,Germany,TRUE,second group stage,0,0,0,M-1974-28
30-06-1974,Argentina,Brazil,1,2,1974 FIFA Men's World Cup,Hanover,Germany,TRUE,second group stage,0,0,0,M-1974-29
30-06-1974,East Germany,Netherlands,0,2,1974 FIFA Men's World Cup,Gelsenkirchen,Germany,TRUE,second group stage,0,0,0,M-1974-30
30-06-1974,Poland,Yugoslavia,2,1,1974 FIFA Men's World Cup,Frankfurt,Germany,TRUE,second group stage,0,0,0,M-1974-31
30-06-1974,West Germany,Sweden,4,2,1974 FIFA Men's World Cup,Düsseldorf,Germany,TRUE,second group stage,0,0,0,M-1974-32
03-07-1974,Poland,West Germany,0,1,1974 FIFA Men's World Cup,Frankfurt,Germany,TRUE,second group stage,0,0,0,M-1974-33
03-07-1974,Argentina,East Germany,1,1,1974 FIFA Men's World Cup,Gelsenkirchen,Germany,TRUE,second group stage,0,0,0,M-1974-34
03-07-1974,Netherlands,Brazil,2,0,1974 FIFA Men's World Cup,Dortmund,Germany,TRUE,second group stage,0,0,0,M-1974-35
03-07-1974,Sweden,Yugoslavia,2,1,1974 FIFA Men's World Cup,Düsseldorf,Germany,TRUE,second group stage,0,0,0,M-1974-36
06-07-1974,Brazil,Poland,0,1,1974 FIFA Men's World Cup,Munich,Germany,TRUE,third-place match,1,0,0,M-1974-37
07-07-1974,Netherlands,West Germany,1,2,1974 FIFA Men's World Cup,Munich,Germany,TRUE,final,1,0,0,M-1974-38
01-06-1978,West Germany,Poland,0,0,1978 FIFA Men's World Cup,Buenos Aires,Argentina,TRUE,group stage,0,0,0,M-1978-01
02-06-1978,Italy,France,2,1,1978 FIFA Men's World Cup,Mar del Plata,Argentina,TRUE,group stage,0,0,0,M-1978-02
02-06-1978,Tunisia,Mexico,3,1,1978 FIFA Men's World Cup,Rosario,Argentina,TRUE,group stage,0,0,0,M-1978-03
02-06-1978,Argentina,Hungary,2,1,1978 FIFA Men's World Cup,Buenos Aires,Argentina,TRUE,group stage,0,0,0,M-1978-04
03-06-1978,Austria,Spain,2,1,1978 FIFA Men's World Cup,Buenos Aires,Argentina,TRUE,group stage,0,0,0,M-1978-05
03-06-1978,Brazil,Sweden,1,1,1978 FIFA Men's World Cup,Mar del Plata,Argentina,TRUE,group stage,0,0,0,M-1978-06
03-06-1978,Netherlands,Iran,3,0,1978 FIFA Men's World Cup,Mendoza,Argentina,TRUE,group stage,0,0,0,M-1978-07
03-06-1978,Peru,Scotland,3,1,1978 FIFA Men's World Cup,Córdoba,Argentina,TRUE,group stage,0,0,0,M-1978-08
06-06-1978,Italy,Hungary,3,1,1978 FIFA Men's World Cup,Mar del Plata,Argentina,TRUE,group stage,0,0,0,M-1978-09
06-06-1978,Poland,Tunisia,1,0,1978 FIFA Men's World Cup,Rosario,Argentina,TRUE,group stage,0,0,0,M-1978-10
06-06-1978,West Germany,Mexico,6,0,1978 FIFA Men's World Cup,Córdoba,Argentina,TRUE,group stage,0,0,0,M-1978-11
06-06-1978,Argentina,France,2,1,1978 FIFA Men's World Cup,Buenos Aires,Argentina,TRUE,group stage,0,0,0,M-1978-12
07-06-1978,Austria,Sweden,1,0,1978 FIFA Men's World Cup,Buenos Aires,Argentina,TRUE,group stage,0,0,0,M-1978-13
07-06-1978,Brazil,Spain,0,0,1978 FIFA Men's World Cup,Mar del Plata,Argentina,TRUE,group stage,0,0,0,M-1978-14
07-06-1978,Netherlands,Peru,0,0,1978 FIFA Men's World Cup,Mendoza,Argentina,TRUE,group stage,0,0,0,M-1978-15
07-06-1978,Scotland,Iran,1,1,1978 FIFA Men's World Cup,Córdoba,Argentina,TRUE,group stage,0,0,0,M-1978-16
10-06-1978,France,Hungary,3,1,1978 FIFA Men's World Cup,Mar del Plata,Argentina,TRUE,group stage,0,0,0,M-1978-17
10-06-1978,Poland,Mexico,3,1,1978 FIFA Men's World Cup,Rosario,Argentina,TRUE,group stage,0,0,0,M-1978-18
10-06-1978,West Germany,Tunisia,0,0,1978 FIFA Men's World Cup,Córdoba,Argentina,TRUE,group stage,0,0,0,M-1978-19
10-06-1978,Argentina,Italy,0,1,1978 FIFA Men's World Cup,Buenos Aires,Argentina,TRUE,group stage,0,0,0,M-1978-20
11-06-1978,Brazil,Austria,1,0,1978 FIFA Men's World Cup,Mar del Plata,Argentina,TRUE,group stage,0,0,0,M-1978-21
11-06-1978,Spain,Sweden,1,0,1978 FIFA Men's World Cup,Buenos Aires,Argentina,TRUE,group stage,0,0,0,M-1978-22
11-06-1978,Peru,Iran,4,1,1978 FIFA Men's World Cup,Córdoba,Argentina,TRUE,group stage,0,0,0,M-1978-23
11-06-1978,Scotland,Netherlands,3,2,1978 FIFA Men's World Cup,Mendoza,Argentina,TRUE,group stage,0,0,0,M-1978-24
14-06-1978,Austria,Netherlands,1,5,1978 FIFA Men's World Cup,Córdoba,Argentina,TRUE,second group stage,0,0,0,M-1978-25
14-06-1978,Italy,West Germany,0,0,1978 FIFA Men's World Cup,Buenos Aires,Argentina,TRUE,second group stage,0,0,0,M-1978-26
14-06-1978,Brazil,Peru,3,0,1978 FIFA Men's World Cup,Mendoza,Argentina,TRUE,second group stage,0,0,0,M-1978-27
14-06-1978,Argentina,Poland,2,0,1978 FIFA Men's World Cup,Rosario,Argentina,TRUE,second group stage,0,0,0,M-1978-28
18-06-1978,Peru,Poland,0,1,1978 FIFA Men's World Cup,Mendoza,Argentina,TRUE,second group stage,0,0,0,M-1978-29
18-06-1978,Italy,Austria,1,0,1978 FIFA Men's World Cup,Buenos Aires,Argentina,TRUE,second group stage,0,0,0,M-1978-30
18-06-1978,Netherlands,West Germany,2,2,1978 FIFA Men's World Cup,Córdoba,Argentina,TRUE,second group stage,0,0,0,M-1978-31
18-06-1978,Argentina,Brazil,0,0,1978 FIFA Men's World Cup,Rosario,Argentina,TRUE,second group stage,0,0,0,M-1978-32
21-06-1978,Austria,West Germany,3,2,1978 FIFA Men's World Cup,Córdoba,Argentina,TRUE,second group stage,0,0,0,M-1978-33
21-06-1978,Italy,Netherlands,1,2,1978 FIFA Men's World Cup,Buenos Aires,Argentina,TRUE,second group stage,0,0,0,M-1978-34
21-06-1978,Brazil,Poland,3,1,1978 FIFA Men's World Cup,Mendoza,Argentina,TRUE,second group stage,0,0,0,M-1978-35
21-06-1978,Argentina,Peru,6,0,1978 FIFA Men's World Cup,Rosario,Argentina,TRUE,second group stage,0,0,0,M-1978-36
24-06-1978,Brazil,Italy,2,1,1978 FIFA Men's World Cup,Buenos Aires,Argentina,TRUE,third-place match,1,0,0,M-1978-37
25-06-1978,Argentina,Netherlands,3,1,1978 FIFA Men's World Cup,Buenos Aires,Argentina,TRUE,final,1,1,0,M-1978-38
13-06-1982,Argentina,Belgium,0,1,1982 FIFA Men's World Cup,Barcelona,Spain,TRUE,group stage,0,0,0,M-1982-01
14-06-1982,Italy,Poland,0,0,1982 FIFA Men's World Cup,Vigo,Spain,TRUE,group stage,0,0,0,M-1982-02
14-06-1982,Brazil,Soviet Union,2,1,1982 FIFA Men's World Cup,Seville,Spain,TRUE,group stage,0,0,0,M-1982-03
15-06-1982,Peru,Cameroon,0,0,1982 FIFA Men's World Cup,A Coruña,Spain,TRUE,group stage,0,0,0,M-1982-04
15-06-1982,Hungary,El Salvador,10,1,1982 FIFA Men's World Cup,Elche,Spain,TRUE,group stage,0,0,0,M-1982-05
15-06-1982,Scotland,New Zealand,5,2,1982 FIFA Men's World Cup,Málaga,Spain,TRUE,group stage,0,0,0,M-1982-06
16-06-1982,West Germany,Algeria,1,2,1982 FIFA Men's World Cup,Gijón,Spain,TRUE,group stage,0,0,0,M-1982-07
16-06-1982,England,France,3,1,1982 FIFA Men's World Cup,Bilbao,Spain,TRUE,group stage,0,0,0,M-1982-08
16-06-1982,Spain,Honduras,1,1,1982 FIFA Men's World Cup,Valencia,Spain,TRUE,group stage,0,0,0,M-1982-09
17-06-1982,Chile,Austria,0,1,1982 FIFA Men's World Cup,Oviedo,Spain,TRUE,group stage,0,0,0,M-1982-10
17-06-1982,Czechoslovakia,Kuwait,1,1,1982 FIFA Men's World Cup,Valladolid,Spain,TRUE,group stage,0,0,0,M-1982-11
17-06-1982,Yugoslavia,Northern Ireland,0,0,1982 FIFA Men's World Cup,Zaragoza,Spain,TRUE,group stage,0,0,0,M-1982-12
18-06-1982,Italy,Peru,1,1,1982 FIFA Men's World Cup,Vigo,Spain,TRUE,group stage,0,0,0,M-1982-13
18-06-1982,Argentina,Hungary,4,1,1982 FIFA Men's World Cup,Alicante,Spain,TRUE,group stage,0,0,0,M-1982-14
18-06-1982,Brazil,Scotland,4,1,1982 FIFA Men's World Cup,Seville,Spain,TRUE,group stage,0,0,0,M-1982-15
19-06-1982,Poland,Cameroon,0,0,1982 FIFA Men's World Cup,A Coruña,Spain,TRUE,group stage,0,0,0,M-1982-16
19-06-1982,Belgium,El Salvador,1,0,1982 FIFA Men's World Cup,Elche,Spain,TRUE,group stage,0,0,0,M-1982-17
19-06-1982,Soviet Union,New Zealand,3,0,1982 FIFA Men's World Cup,Málaga,Spain,TRUE,group stage,0,0,0,M-1982-18
20-06-1982,West Germany,Chile,4,1,1982 FIFA Men's World Cup,Gijón,Spain,TRUE,group stage,0,0,0,M-1982-19
20-06-1982,England,Czechoslovakia,2,0,1982 FIFA Men's World Cup,Bilbao,Spain,TRUE,group stage,0,0,0,M-1982-20
20-06-1982,Spain,Yugoslavia,2,1,1982 FIFA Men's World Cup,Valencia,Spain,TRUE,group stage,0,0,0,M-1982-21
21-06-1982,Algeria,Austria,0,2,1982 FIFA Men's World Cup,Oviedo,Spain,TRUE,group stage,0,0,0,M-1982-22
21-06-1982,France,Kuwait,4,1,1982 FIFA Men's World Cup,Valladolid,Spain,TRUE,group stage,0,0,0,M-1982-23
21-06-1982,Honduras,Northern Ireland,1,1,1982 FIFA Men's World Cup,Zaragoza,Spain,TRUE,group stage,0,0,0,M-1982-24
22-06-1982,Poland,Peru,5,1,1982 FIFA Men's World Cup,A Coruña,Spain,TRUE,group stage,0,0,0,M-1982-25
22-06-1982,Belgium,Hungary,1,1,1982 FIFA Men's World Cup,Elche,Spain,TRUE,group stage,0,0,0,M-1982-26
22-06-1982,Soviet Union,Scotland,2,2,1982 FIFA Men's World Cup,Málaga,Spain,TRUE,group stage,0,0,0,M-1982-27
23-06-1982,Italy,Cameroon,1,1,1982 FIFA Men's World Cup,Vigo,Spain,TRUE,group stage,0,0,0,M-1982-28
23-06-1982,Argentina,El Salvador,2,0,1982 FIFA Men's World Cup,Alicante,Spain,TRUE,group stage,0,0,0,M-1982-29
23-06-1982,Brazil,New Zealand,4,0,1982 FIFA Men's World Cup,Seville,Spain,TRUE,group stage,0,0,0,M-1982-30
24-06-1982,Algeria,Chile,3,2,1982 FIFA Men's World Cup,Oviedo,Spain,TRUE,group stage,0,0,0,M-1982-31
24-06-1982,France,Czechoslovakia,1,1,1982 FIFA Men's World Cup,Valladolid,Spain,TRUE,group stage,0,0,0,M-1982-32
24-06-1982,Honduras,Yugoslavia,0,1,1982 FIFA Men's World Cup,Zaragoza,Spain,TRUE,group stage,0,0,0,M-1982-33
25-06-1982,West Germany,Austria,1,0,1982 FIFA Men's World Cup,Gijón,Spain,TRUE,group stage,0,0,0,M-1982-34
25-06-1982,England,Kuwait,1,0,1982 FIFA Men's World Cup,Bilbao,Spain,TRUE,group stage,0,0,0,M-1982-35
25-06-1982,Spain,Northern Ireland,0,1,1982 FIFA Men's World Cup,Valencia,Spain,TRUE,group stage,0,0,0,M-1982-36
28-06-1982,Austria,France,0,1,1982 FIFA Men's World Cup,Madrid,Spain,TRUE,second group stage,0,0,0,M-1982-37
28-06-1982,Poland,Belgium,3,0,1982 FIFA Men's World Cup,Barcelona,Spain,TRUE,second group stage,0,0,0,M-1982-38
29-06-1982,Italy,Argentina,2,1,1982 FIFA Men's World Cup,Barcelona,Spain,TRUE,second group stage,0,0,0,M-1982-39
29-06-1982,West Germany,England,0,0,1982 FIFA Men's World Cup,Madrid,Spain,TRUE,second group stage,0,0,0,M-1982-40
01-07-1982,Austria,Northern Ireland,2,2,1982 FIFA Men's World Cup,Madrid,Spain,TRUE,second group stage,0,0,0,M-1982-41
01-07-1982,Belgium,Soviet Union,0,1,1982 FIFA Men's World Cup,Barcelona,Spain,TRUE,second group stage,0,0,0,M-1982-42
02-07-1982,Argentina,Brazil,1,3,1982 FIFA Men's World Cup,Barcelona,Spain,TRUE,second group stage,0,0,0,M-1982-43
02-07-1982,West Germany,Spain,2,1,1982 FIFA Men's World Cup,Madrid,Spain,TRUE,second group stage,0,0,0,M-1982-44
04-07-1982,France,Northern Ireland,4,1,1982 FIFA Men's World Cup,Madrid,Spain,TRUE,second group stage,0,0,0,M-1982-45
04-07-1982,Soviet Union,Poland,0,0,1982 FIFA Men's World Cup,Barcelona,Spain,TRUE,second group stage,0,0,0,M-1982-46
05-07-1982,Italy,Brazil,3,2,1982 FIFA Men's World Cup,Barcelona,Spain,TRUE,second group stage,0,0,0,M-1982-47
05-07-1982,Spain,England,0,0,1982 FIFA Men's World Cup,Madrid,Spain,TRUE,second group stage,0,0,0,M-1982-48
08-07-1982,Poland,Italy,0,2,1982 FIFA Men's World Cup,Barcelona,Spain,TRUE,semi-finals,1,0,0,M-1982-49
08-07-1982,West Germany,France,3,3,1982 FIFA Men's World Cup,Seville,Spain,TRUE,semi-finals,1,1,1,M-1982-50
10-07-1982,Poland,France,3,2,1982 FIFA Men's World Cup,Alicante,Spain,TRUE,third-place match,1,0,0,M-1982-51
11-07-1982,Italy,West Germany,3,1,1982 FIFA Men's World Cup,Madrid,Spain,TRUE,final,1,0,0,M-1982-52
31-05-1986,Bulgaria,Italy,1,1,1986 FIFA Men's World Cup,Mexico City,Mexico,TRUE,group stage,0,0,0,M-1986-01
01-06-1986,Spain,Brazil,0,1,1986 FIFA Men's World Cup,Guadalajara,Mexico,TRUE,group stage,0,0,0,M-1986-02
01-06-1986,Canada,France,0,1,1986 FIFA Men's World Cup,León,Mexico,TRUE,group stage,0,0,0,M-1986-03
02-06-1986,Argentina,South Korea,3,1,1986 FIFA Men's World Cup,Mexico City,Mexico,TRUE,group stage,0,0,0,M-1986-04
02-06-1986,Soviet Union,Hungary,6,0,1986 FIFA Men's World Cup,Irapuato,Mexico,TRUE,group stage,0,0,0,M-1986-05
02-06-1986,Morocco,Poland,0,0,1986 FIFA Men's World Cup,Monterrey,Mexico,TRUE,group stage,0,0,0,M-1986-06
03-06-1986,Belgium,Mexico,1,2,1986 FIFA Men's World Cup,Mexico City,Mexico,TRUE,group stage,0,0,0,M-1986-07
03-06-1986,Algeria,Northern Ireland,1,1,1986 FIFA Men's World Cup,Guadalajara,Mexico,TRUE,group stage,0,0,0,M-1986-08
03-06-1986,Portugal,England,1,0,1986 FIFA Men's World Cup,Monterrey,Mexico,TRUE,group stage,0,0,0,M-1986-09
04-06-1986,Paraguay,Iraq,1,0,1986 FIFA Men's World Cup,Toluca,Mexico,TRUE,group stage,0,0,0,M-1986-10
04-06-1986,Uruguay,West Germany,1,1,1986 FIFA Men's World Cup,Querétaro,Mexico,TRUE,group stage,0,0,0,M-1986-11
04-06-1986,Scotland,Denmark,0,1,1986 FIFA Men's World Cup,Nezahualcóyotl,Mexico,TRUE,group stage,0,0,0,M-1986-12
05-06-1986,Italy,Argentina,1,1,1986 FIFA Men's World Cup,Puebla,Mexico,TRUE,group stage,0,0,0,M-1986-13
05-06-1986,France,Soviet Union,1,1,1986 FIFA Men's World Cup,León,Mexico,TRUE,group stage,0,0,0,M-1986-14
05-06-1986,South Korea,Bulgaria,1,1,1986 FIFA Men's World Cup,Mexico City,Mexico,TRUE,group stage,0,0,0,M-1986-15
06-06-1986,Hungary,Canada,2,0,1986 FIFA Men's World Cup,Irapuato,Mexico,TRUE,group stage,0,0,0,M-1986-16
06-06-1986,Brazil,Algeria,1,0,1986 FIFA Men's World Cup,Guadalajara,Mexico,TRUE,group stage,0,0,0,M-1986-17
06-06-1986,England,Morocco,0,0,1986 FIFA Men's World Cup,Monterrey,Mexico,TRUE,group stage,0,0,0,M-1986-18
07-06-1986,Mexico,Paraguay,1,1,1986 FIFA Men's World Cup,Mexico City,Mexico,TRUE,group stage,0,0,0,M-1986-19
07-06-1986,Northern Ireland,Spain,1,2,1986 FIFA Men's World Cup,Guadalajara,Mexico,TRUE,group stage,0,0,0,M-1986-20
07-06-1986,Poland,Portugal,1,0,1986 FIFA Men's World Cup,Monterrey,Mexico,TRUE,group stage,0,0,0,M-1986-21
08-06-1986,Iraq,Belgium,1,2,1986 FIFA Men's World Cup,Toluca,Mexico,TRUE,group stage,0,0,0,M-1986-22
08-06-1986,West Germany,Scotland,2,1,1986 FIFA Men's World Cup,Querétaro,Mexico,TRUE,group stage,0,0,0,M-1986-23
08-06-1986,Denmark,Uruguay,6,1,1986 FIFA Men's World Cup,Nezahualcóyotl,Mexico,TRUE,group stage,0,0,0,M-1986-24
09-06-1986,Hungary,France,0,3,1986 FIFA Men's World Cup,León,Mexico,TRUE,group stage,0,0,0,M-1986-25
09-06-1986,Soviet Union,Canada,2,0,1986 FIFA Men's World Cup,Irapuato,Mexico,TRUE,group stage,0,0,0,M-1986-26
10-06-1986,Argentina,Bulgaria,2,0,1986 FIFA Men's World Cup,Mexico City,Mexico,TRUE,group stage,0,0,0,M-1986-27
10-06-1986,South Korea,Italy,2,3,1986 FIFA Men's World Cup,Puebla,Mexico,TRUE,group stage,0,0,0,M-1986-28
11-06-1986,Iraq,Mexico,0,1,1986 FIFA Men's World Cup,Mexico City,Mexico,TRUE,group stage,0,0,0,M-1986-29
11-06-1986,Paraguay,Belgium,2,2,1986 FIFA Men's World Cup,Toluca,Mexico,TRUE,group stage,0,0,0,M-1986-30
11-06-1986,England,Poland,3,0,1986 FIFA Men's World Cup,Monterrey,Mexico,TRUE,group stage,0,0,0,M-1986-31
11-06-1986,Portugal,Morocco,1,3,1986 FIFA Men's World Cup,Guadalajara,Mexico,TRUE,group stage,0,0,0,M-1986-32
12-06-1986,Algeria,Spain,0,3,1986 FIFA Men's World Cup,Monterrey,Mexico,TRUE,group stage,0,0,0,M-1986-33
12-06-1986,Northern Ireland,Brazil,0,3,1986 FIFA Men's World Cup,Guadalajara,Mexico,TRUE,group stage,0,0,0,M-1986-34
13-06-1986,Denmark,West Germany,2,0,1986 FIFA Men's World Cup,Querétaro,Mexico,TRUE,group stage,0,0,0,M-1986-35
13-06-1986,Scotland,Uruguay,0,0,1986 FIFA Men's World Cup,Nezahualcóyotl,Mexico,TRUE,group stage,0,0,0,M-1986-36
15-06-1986,Mexico,Bulgaria,2,0,1986 FIFA Men's World Cup,Mexico City,Mexico,TRUE,round of 16,1,0,0,M-1986-37
15-06-1986,Soviet Union,Belgium,3,4,1986 FIFA Men's World Cup,León,Mexico,TRUE,round of 16,1,1,0,M-1986-38
16-06-1986,Brazil,Poland,4,0,1986 FIFA Men's World Cup,Guadalajara,Mexico,TRUE,round of 16,1,0,0,M-1986-39
16-06-1986,Argentina,Uruguay,1,0,1986 FIFA Men's World Cup,Puebla,Mexico,TRUE,round of 16,1,0,0,M-1986-40
17-06-1986,Italy,France,0,2,1986 FIFA Men's World Cup,Mexico City,Mexico,TRUE,round of 16,1,0,0,M-1986-41
17-06-1986,Morocco,West Germany,0,1,1986 FIFA Men's World Cup,Monterrey,Mexico,TRUE,round of 16,1,0,0,M-1986-42
18-06-1986,England,Paraguay,3,0,1986 FIFA Men's World Cup,Mexico City,Mexico,TRUE,round of 16,1,0,0,M-1986-43
18-06-1986,Denmark,Spain,1,5,1986 FIFA Men's World Cup,Querétaro,Mexico,TRUE,round of 16,1,0,0,M-1986-44
21-06-1986,Brazil,France,1,1,1986 FIFA Men's World Cup,Guadalajara,Mexico,TRUE,quarter-finals,1,1,1,M-1986-45
21-06-1986,West Germany,Mexico,0,0,1986 FIFA Men's World Cup,Monterrey,Mexico,TRUE,quarter-finals,1,1,1,M-1986-46
22-06-1986,Argentina,England,2,1,1986 FIFA Men's World Cup,Mexico City,Mexico,TRUE,quarter-finals,1,0,0,M-1986-47
22-06-1986,Spain,Belgium,1,1,1986 FIFA Men's World Cup,Puebla,Mexico,TRUE,quarter-finals,1,1,1,M-1986-48
25-06-1986,France,West Germany,0,2,1986 FIFA Men's World Cup,Guadalajara,Mexico,TRUE,semi-finals,1,0,0,M-1986-49
25-06-1986,Argentina,Belgium,2,0,1986 FIFA Men's World Cup,Mexico City,Mexico,TRUE,semi-finals,1,0,0,M-1986-50
28-06-1986,Belgium,France,2,4,1986 FIFA Men's World Cup,Puebla,Mexico,TRUE,third-place match,1,1,0,M-1986-51
29-06-1986,Argentina,West Germany,3,2,1986 FIFA Men's World Cup,Mexico City,Mexico,TRUE,final,1,0,0,M-1986-52
08-06-1990,Argentina,Cameroon,0,1,1990 FIFA Men's World Cup,Milan,Italy,TRUE,group stage,0,0,0,M-1990-01
09-06-1990,Soviet Union,Romania,0,2,1990 FIFA Men's World Cup,Bari,Italy,TRUE,group stage,0,0,0,M-1990-02
09-06-1990,United Arab Emirates,Colombia,0,2,1990 FIFA Men's World Cup,Bologna,Italy,TRUE,group stage,0,0,0,M-1990-03
09-06-1990,Italy,Austria,1,0,1990 FIFA Men's World Cup,Rome,Italy,TRUE,group stage,0,0,0,M-1990-04
10-06-1990,United States,Czechoslovakia,1,5,1990 FIFA Men's World Cup,Florence,Italy,TRUE,group stage,0,0,0,M-1990-05
10-06-1990,Brazil,Sweden,2,1,1990 FIFA Men's World Cup,Turin,Italy,TRUE,group stage,0,0,0,M-1990-06
10-06-1990,West Germany,Yugoslavia,4,1,1990 FIFA Men's World Cup,Milan,Italy,TRUE,group stage,0,0,0,M-1990-07
11-06-1990,Costa Rica,Scotland,1,0,1990 FIFA Men's World Cup,Genoa,Italy,TRUE,group stage,0,0,0,M-1990-08
11-06-1990,England,Republic of Ireland,1,1,1990 FIFA Men's World Cup,Cagliari,Italy,TRUE,group stage,0,0,0,M-1990-09
12-06-1990,Belgium,South Korea,2,0,1990 FIFA Men's World Cup,Verona,Italy,TRUE,group stage,0,0,0,M-1990-10
12-06-1990,Netherlands,Egypt,1,1,1990 FIFA Men's World Cup,Palermo,Italy,TRUE,group stage,0,0,0,M-1990-11
13-06-1990,Uruguay,Spain,0,0,1990 FIFA Men's World Cup,Udine,Italy,TRUE,group stage,0,0,0,M-1990-12
13-06-1990,Argentina,Soviet Union,2,0,1990 FIFA Men's World Cup,Naples,Italy,TRUE,group stage,0,0,0,M-1990-13
14-06-1990,Cameroon,Romania,2,1,1990 FIFA Men's World Cup,Bari,Italy,TRUE,group stage,0,0,0,M-1990-14
14-06-1990,Yugoslavia,Colombia,1,0,1990 FIFA Men's World Cup,Bologna,Italy,TRUE,group stage,0,0,0,M-1990-15
14-06-1990,Italy,United States,1,0,1990 FIFA Men's World Cup,Rome,Italy,TRUE,group stage,0,0,0,M-1990-16
15-06-1990,Austria,Czechoslovakia,0,1,1990 FIFA Men's World Cup,Florence,Italy,TRUE,group stage,0,0,0,M-1990-17
15-06-1990,West Germany,United Arab Emirates,5,1,1990 FIFA Men's World Cup,Milan,Italy,TRUE,group stage,0,0,0,M-1990-18
16-06-1990,Brazil,Costa Rica,1,0,1990 FIFA Men's World Cup,Turin,Italy,TRUE,group stage,0,0,0,M-1990-19
16-06-1990,Sweden,Scotland,1,2,1990 FIFA Men's World Cup,Genoa,Italy,TRUE,group stage,0,0,0,M-1990-20
16-06-1990,England,Netherlands,0,0,1990 FIFA Men's World Cup,Cagliari,Italy,TRUE,group stage,0,0,0,M-1990-21
17-06-1990,Republic of Ireland,Egypt,0,0,1990 FIFA Men's World Cup,Palermo,Italy,TRUE,group stage,0,0,0,M-1990-22
17-06-1990,Belgium,Uruguay,3,1,1990 FIFA Men's World Cup,Verona,Italy,TRUE,group stage,0,0,0,M-1990-23
17-06-1990,South Korea,Spain,1,3,1990 FIFA Men's World Cup,Udine,Italy,TRUE,group stage,0,0,0,M-1990-24
18-06-1990,Argentina,Romania,1,1,1990 FIFA Men's World Cup,Naples,Italy,TRUE,group stage,0,0,0,M-1990-25
18-06-1990,Cameroon,Soviet Union,0,4,1990 FIFA Men's World Cup,Bari,Italy,TRUE,group stage,0,0,0,M-1990-26
19-06-1990,West Germany,Colombia,1,1,1990 FIFA Men's World Cup,Milan,Italy,TRUE,group stage,0,0,0,M-1990-27
19-06-1990,Yugoslavia,United Arab Emirates,4,1,1990 FIFA Men's World Cup,Bologna,Italy,TRUE,group stage,0,0,0,M-1990-28
19-06-1990,Austria,United States,2,1,1990 FIFA Men's World Cup,Florence,Italy,TRUE,group stage,0,0,0,M-1990-29
19-06-1990,Italy,Czechoslovakia,2,0,1990 FIFA Men's World Cup,Rome,Italy,TRUE,group stage,0,0,0,M-1990-30
20-06-1990,Brazil,Scotland,1,0,1990 FIFA Men's World Cup,Turin,Italy,TRUE,group stage,0,0,0,M-1990-31
20-06-1990,Sweden,Costa Rica,1,2,1990 FIFA Men's World Cup,Genoa,Italy,TRUE,group stage,0,0,0,M-1990-32
21-06-1990,Belgium,Spain,1,2,1990 FIFA Men's World Cup,Verona,Italy,TRUE,group stage,0,0,0,M-1990-33
21-06-1990,South Korea,Uruguay,0,1,1990 FIFA Men's World Cup,Udine,Italy,TRUE,group stage,0,0,0,M-1990-34
21-06-1990,England,Egypt,1,0,1990 FIFA Men's World Cup,Cagliari,Italy,TRUE,group stage,0,0,0,M-1990-35
21-06-1990,Republic of Ireland,Netherlands,1,1,1990 FIFA Men's World Cup,Palermo,Italy,TRUE,group stage,0,0,0,M-1990-36
23-06-1990,Cameroon,Colombia,2,1,1990 FIFA Men's World Cup,Naples,Italy,TRUE,round of 16,1,1,0,M-1990-37
23-06-1990,Czechoslovakia,Costa Rica,4,1,1990 FIFA Men's World Cup,Bari,Italy,TRUE,round of 16,1,0,0,M-1990-38
24-06-1990,Brazil,Argentina,0,1,1990 FIFA Men's World Cup,Turin,Italy,TRUE,round of 16,1,0,0,M-1990-39
24-06-1990,West Germany,Netherlands,2,1,1990 FIFA Men's World Cup,Milan,Italy,TRUE,round of 16,1,0,0,M-1990-40
25-06-1990,Republic of Ireland,Romania,0,0,1990 FIFA Men's World Cup,Genoa,Italy,TRUE,round of 16,1,1,1,M-1990-41
25-06-1990,Italy,Uruguay,2,0,1990 FIFA Men's World Cup,Rome,Italy,TRUE,round of 16,1,0,0,M-1990-42
26-06-1990,Spain,Yugoslavia,1,2,1990 FIFA Men's World Cup,Verona,Italy,TRUE,round of 16,1,1,0,M-1990-43
26-06-1990,England,Belgium,1,0,1990 FIFA Men's World Cup,Bologna,Italy,TRUE,round of 16,1,1,0,M-1990-44
30-06-1990,Argentina,Yugoslavia,0,0,1990 FIFA Men's World Cup,Florence,Italy,TRUE,quarter-finals,1,1,1,M-1990-45
30-06-1990,Republic of Ireland,Italy,0,1,1990 FIFA Men's World Cup,Rome,Italy,TRUE,quarter-finals,1,0,0,M-1990-46
01-07-1990,Czechoslovakia,West Germany,0,1,1990 FIFA Men's World Cup,Milan,Italy,TRUE,quarter-finals,1,0,0,M-1990-47
01-07-1990,Cameroon,England,2,3,1990 FIFA Men's World Cup,Naples,Italy,TRUE,quarter-finals,1,1,0,M-1990-48
03-07-1990,Argentina,Italy,1,1,1990 FIFA Men's World Cup,Naples,Italy,TRUE,semi-finals,1,1,1,M-1990-49
04-07-1990,West Germany,England,1,1,1990 FIFA Men's World Cup,Turin,Italy,TRUE,semi-finals,1,1,1,M-1990-50
07-07-1990,Italy,England,2,1,1990 FIFA Men's World Cup,Bari,Italy,TRUE,third-place match,1,0,0,M-1990-51
08-07-1990,West Germany,Argentina,1,0,1990 FIFA Men's World Cup,Rome,Italy,TRUE,final,1,0,0,M-1990-52
17-06-1994,Germany,Bolivia,1,0,1994 FIFA Men's World Cup,Chicago,United States,TRUE,group stage,0,0,0,M-1994-01
17-06-1994,Spain,South Korea,2,2,1994 FIFA Men's World Cup,Dallas,United States,TRUE,group stage,0,0,0,M-1994-02
18-06-1994,United States,Switzerland,1,1,1994 FIFA Men's World Cup,Pontiac,United States,TRUE,group stage,0,0,0,M-1994-03
18-06-1994,Italy,Republic of Ireland,0,1,1994 FIFA Men's World Cup,East Rutherford,United States,TRUE,group stage,0,0,0,M-1994-04
18-06-1994,Colombia,Romania,1,3,1994 FIFA Men's World Cup,Pasadena,United States,TRUE,group stage,0,0,0,M-1994-05
19-06-1994,Belgium,Morocco,1,0,1994 FIFA Men's World Cup,Orlando,United States,TRUE,group stage,0,0,0,M-1994-06
19-06-1994,Norway,Mexico,1,0,1994 FIFA Men's World Cup,"Washington, D.C.",United States,TRUE,group stage,0,0,0,M-1994-07
19-06-1994,Cameroon,Sweden,2,2,1994 FIFA Men's World Cup,Pasadena,United States,TRUE,group stage,0,0,0,M-1994-08
20-06-1994,Brazil,Russia,2,0,1994 FIFA Men's World Cup,Stanford,United States,TRUE,group stage,0,0,0,M-1994-09
20-06-1994,Netherlands,Saudi Arabia,2,1,1994 FIFA Men's World Cup,"Washington, D.C.",United States,TRUE,group stage,0,0,0,M-1994-10
21-06-1994,Argentina,Greece,4,0,1994 FIFA Men's World Cup,Foxborough,United States,TRUE,group stage,0,0,0,M-1994-11
21-06-1994,Germany,Spain,1,1,1994 FIFA Men's World Cup,Chicago,United States,TRUE,group stage,0,0,0,M-1994-12
21-06-1994,Nigeria,Bulgaria,3,0,1994 FIFA Men's World Cup,Dallas,United States,TRUE,group stage,0,0,0,M-1994-13
22-06-1994,Romania,Switzerland,1,4,1994 FIFA Men's World Cup,Pontiac,United States,TRUE,group stage,0,0,0,M-1994-14
22-06-1994,United States,Colombia,2,1,1994 FIFA Men's World Cup,Pasadena,United States,TRUE,group stage,0,0,0,M-1994-15
23-06-1994,Italy,Norway,1,0,1994 FIFA Men's World Cup,East Rutherford,United States,TRUE,group stage,0,0,0,M-1994-16
23-06-1994,South Korea,Bolivia,0,0,1994 FIFA Men's World Cup,Foxborough,United States,TRUE,group stage,0,0,0,M-1994-17
24-06-1994,Mexico,Republic of Ireland,2,1,1994 FIFA Men's World Cup,Orlando,United States,TRUE,group stage,0,0,0,M-1994-18
24-06-1994,Brazil,Cameroon,3,0,1994 FIFA Men's World Cup,Stanford,United States,TRUE,group stage,0,0,0,M-1994-19
24-06-1994,Sweden,Russia,3,1,1994 FIFA Men's World Cup,Pontiac,United States,TRUE,group stage,0,0,0,M-1994-20
25-06-1994,Belgium,Netherlands,1,0,1994 FIFA Men's World Cup,Orlando,United States,TRUE,group stage,0,0,0,M-1994-21
25-06-1994,Saudi Arabia,Morocco,2,1,1994 FIFA Men's World Cup,East Rutherford,United States,TRUE,group stage,0,0,0,M-1994-22
25-06-1994,Argentina,Nigeria,2,1,1994 FIFA Men's World Cup,Foxborough,United States,TRUE,group stage,0,0,0,M-1994-23
26-06-1994,Bulgaria,Greece,4,0,1994 FIFA Men's World Cup,Chicago,United States,TRUE,group stage,0,0,0,M-1994-24
26-06-1994,Switzerland,Colombia,0,2,1994 FIFA Men's World Cup,Stanford,United States,TRUE,group stage,0,0,0,M-1994-25
26-06-1994,United States,Romania,0,1,1994 FIFA Men's World Cup,Pasadena,United States,TRUE,group stage,0,0,0,M-1994-26
27-06-1994,Bolivia,Spain,1,3,1994 FIFA Men's World Cup,Chicago,United States,TRUE,group stage,0,0,0,M-1994-27
27-06-1994,Germany,South Korea,3,2,1994 FIFA Men's World Cup,Dallas,United States,TRUE,group stage,0,0,0,M-1994-28
28-06-1994,Italy,Mexico,1,1,1994 FIFA Men's World Cup,"Washington, D.C.",United States,TRUE,group stage,0,0,0,M-1994-29
28-06-1994,Republic of Ireland,Norway,0,0,1994 FIFA Men's World Cup,East Rutherford,United States,TRUE,group stage,0,0,0,M-1994-30
28-06-1994,Russia,Cameroon,6,1,1994 FIFA Men's World Cup,Stanford,United States,TRUE,group stage,0,0,0,M-1994-31
28-06-1994,Brazil,Sweden,1,1,1994 FIFA Men's World Cup,Pontiac,United States,TRUE,group stage,0,0,0,M-1994-32
29-06-1994,Belgium,Saudi Arabia,0,1,1994 FIFA Men's World Cup,"Washington, D.C.",United States,TRUE,group stage,0,0,0,M-1994-33
29-06-1994,Morocco,Netherlands,1,2,1994 FIFA Men's World Cup,Orlando,United States,TRUE,group stage,0,0,0,M-1994-34
30-06-1994,Argentina,Bulgaria,0,2,1994 FIFA Men's World Cup,Dallas,United States,TRUE,group stage,0,0,0,M-1994-35
30-06-1994,Greece,Nigeria,0,2,1994 FIFA Men's World Cup,Foxborough,United States,TRUE,group stage,0,0,0,M-1994-36
02-07-1994,Germany,Belgium,3,2,1994 FIFA Men's World Cup,Chicago,United States,TRUE,round of 16,1,0,0,M-1994-37
02-07-1994,Spain,Switzerland,3,0,1994 FIFA Men's World Cup,"Washington, D.C.",United States,TRUE,round of 16,1,0,0,M-1994-38
03-07-1994,Saudi Arabia,Sweden,1,3,1994 FIFA Men's World Cup,Dallas,United States,TRUE,round of 16,1,0,0,M-1994-39
03-07-1994,Romania,Argentina,3,2,1994 FIFA Men's World Cup,Pasadena,United States,TRUE,round of 16,1,0,0,M-1994-40
04-07-1994,Netherlands,Republic of Ireland,2,0,1994 FIFA Men's World Cup,Orlando,United States,TRUE,round of 16,1,0,0,M-1994-41
04-07-1994,Brazil,United States,1,0,1994 FIFA Men's World Cup,Stanford,United States,TRUE,round of 16,1,0,0,M-1994-42
05-07-1994,Nigeria,Italy,1,2,1994 FIFA Men's World Cup,Foxborough,United States,TRUE,round of 16,1,1,0,M-1994-43
05-07-1994,Mexico,Bulgaria,1,1,1994 FIFA Men's World Cup,East Rutherford,United States,TRUE,round of 16,1,1,1,M-1994-44
09-07-1994,Italy,Spain,2,1,1994 FIFA Men's World Cup,Foxborough,United States,TRUE,quarter-finals,1,0,0,M-1994-45
09-07-1994,Netherlands,Brazil,2,3,1994 FIFA Men's World Cup,Dallas,United States,TRUE,quarter-finals,1,0,0,M-1994-46
10-07-1994,Bulgaria,Germany,2,1,1994 FIFA Men's World Cup,East Rutherford,United States,TRUE,quarter-finals,1,0,0,M-1994-47
10-07-1994,Romania,Sweden,2,2,1994 FIFA Men's World Cup,Stanford,United States,TRUE,quarter-finals,1,1,1,M-1994-48
13-07-1994,Bulgaria,Italy,1,2,1994 FIFA Men's World Cup,East Rutherford,United States,TRUE,semi-finals,1,0,0,M-1994-49
13-07-1994,Sweden,Brazil,0,1,1994 FIFA Men's World Cup,Pasadena,United States,TRUE,semi-finals,1,0,0,M-1994-50
16-07-1994,Sweden,Bulgaria,4,0,1994 FIFA Men's World Cup,Pasadena,United States,TRUE,third-place match,1,0,0,M-1994-51
17-07-1994,Brazil,Italy,0,0,1994 FIFA Men's World Cup,Pasadena,United States,TRUE,final,1,1,1,M-1994-52
10-06-1998,Brazil,Scotland,2,1,1998 FIFA Men's World Cup,Saint-Denis,France,TRUE,group stage,0,0,0,M-1998-01
10-06-1998,Morocco,Norway,2,2,1998 FIFA Men's World Cup,Montpellier,France,TRUE,group stage,0,0,0,M-1998-02
11-06-1998,Italy,Chile,2,2,1998 FIFA Men's World Cup,Bordeaux,France,TRUE,group stage,0,0,0,M-1998-03
11-06-1998,Cameroon,Austria,1,1,1998 FIFA Men's World Cup,Toulouse,France,TRUE,group stage,0,0,0,M-1998-04
12-06-1998,Paraguay,Bulgaria,0,0,1998 FIFA Men's World Cup,Montpellier,France,TRUE,group stage,0,0,0,M-1998-05
12-06-1998,Saudi Arabia,Denmark,0,1,1998 FIFA Men's World Cup,Lens,France,TRUE,group stage,0,0,0,M-1998-06
12-06-1998,France,South Africa,3,0,1998 FIFA Men's World Cup,Marseille,France,TRUE,group stage,0,0,0,M-1998-07
13-06-1998,Spain,Nigeria,2,3,1998 FIFA Men's World Cup,Nantes,France,TRUE,group stage,0,0,0,M-1998-08
13-06-1998,South Korea,Mexico,1,3,1998 FIFA Men's World Cup,Lyon,France,TRUE,group stage,0,0,0,M-1998-09
13-06-1998,Netherlands,Belgium,0,0,1998 FIFA Men's World Cup,Saint-Denis,France,TRUE,group stage,0,0,0,M-1998-10
14-06-1998,Argentina,Japan,1,0,1998 FIFA Men's World Cup,Toulouse,France,TRUE,group stage,0,0,0,M-1998-11
14-06-1998,Yugoslavia,Iran,1,0,1998 FIFA Men's World Cup,Saint-Étienne,France,TRUE,group stage,0,0,0,M-1998-12
14-06-1998,Jamaica,Croatia,1,3,1998 FIFA Men's World Cup,Lens,France,TRUE,group stage,0,0,0,M-1998-13
15-06-1998,England,Tunisia,2,0,1998 FIFA Men's World Cup,Marseille,France,TRUE,group stage,0,0,0,M-1998-14
15-06-1998,Romania,Colombia,1,0,1998 FIFA Men's World Cup,Lyon,France,TRUE,group stage,0,0,0,M-1998-15
15-06-1998,Germany,United States,2,0,1998 FIFA Men's World Cup,Paris,France,TRUE,group stage,0,0,0,M-1998-16
16-06-1998,Scotland,Norway,1,1,1998 FIFA Men's World Cup,Bordeaux,France,TRUE,group stage,0,0,0,M-1998-17
16-06-1998,Brazil,Morocco,3,0,1998 FIFA Men's World Cup,Nantes,France,TRUE,group stage,0,0,0,M-1998-18
17-06-1998,Chile,Austria,1,1,1998 FIFA Men's World Cup,Saint-Étienne,France,TRUE,group stage,0,0,0,M-1998-19
17-06-1998,Italy,Cameroon,3,0,1998 FIFA Men's World Cup,Montpellier,France,TRUE,group stage,0,0,0,M-1998-20
18-06-1998,South Africa,Denmark,1,1,1998 FIFA Men's World Cup,Toulouse,France,TRUE,group stage,0,0,0,M-1998-21
18-06-1998,France,Saudi Arabia,4,0,1998 FIFA Men's World Cup,Saint-Denis,France,TRUE,group stage,0,0,0,M-1998-22
19-06-1998,Nigeria,Bulgaria,1,0,1998 FIFA Men's World Cup,Paris,France,TRUE,group stage,0,0,0,M-1998-23
19-06-1998,Spain,Paraguay,0,0,1998 FIFA Men's World Cup,Saint-Étienne,France,TRUE,group stage,0,0,0,M-1998-24
20-06-1998,Japan,Croatia,0,1,1998 FIFA Men's World Cup,Nantes,France,TRUE,group stage,0,0,0,M-1998-25
20-06-1998,Belgium,Mexico,2,2,1998 FIFA Men's World Cup,Bordeaux,France,TRUE,group stage,0,0,0,M-1998-26
20-06-1998,Netherlands,South Korea,5,0,1998 FIFA Men's World Cup,Marseille,France,TRUE,group stage,0,0,0,M-1998-27
21-06-1998,Germany,Yugoslavia,2,2,1998 FIFA Men's World Cup,Lens,France,TRUE,group stage,0,0,0,M-1998-28
21-06-1998,Argentina,Jamaica,5,0,1998 FIFA Men's World Cup,Paris,France,TRUE,group stage,0,0,0,M-1998-29
21-06-1998,United States,Iran,1,2,1998 FIFA Men's World Cup,Lyon,France,TRUE,group stage,0,0,0,M-1998-30
22-06-1998,Colombia,Tunisia,1,0,1998 FIFA Men's World Cup,Montpellier,France,TRUE,group stage,0,0,0,M-1998-31
22-06-1998,Romania,England,2,1,1998 FIFA Men's World Cup,Toulouse,France,TRUE,group stage,0,0,0,M-1998-32
23-06-1998,Chile,Cameroon,1,1,1998 FIFA Men's World Cup,Nantes,France,TRUE,group stage,0,0,0,M-1998-33
23-06-1998,Italy,Austria,2,1,1998 FIFA Men's World Cup,Saint-Denis,France,TRUE,group stage,0,0,0,M-1998-34
23-06-1998,Brazil,Norway,1,2,1998 FIFA Men's World Cup,Marseille,France,TRUE,group stage,0,0,0,M-1998-35
23-06-1998,Scotland,Morocco,0,3,1998 FIFA Men's World Cup,Saint-Étienne,France,TRUE,group stage,0,0,0,M-1998-36
24-06-1998,France,Denmark,2,1,1998 FIFA Men's World Cup,Lyon,France,TRUE,group stage,0,0,0,M-1998-37
24-06-1998,South Africa,Saudi Arabia,2,2,1998 FIFA Men's World Cup,Bordeaux,France,TRUE,group stage,0,0,0,M-1998-38
24-06-1998,Nigeria,Paraguay,1,3,1998 FIFA Men's World Cup,Toulouse,France,TRUE,group stage,0,0,0,M-1998-39
24-06-1998,Spain,Bulgaria,6,1,1998 FIFA Men's World Cup,Lens,France,TRUE,group stage,0,0,0,M-1998-40
25-06-1998,Belgium,South Korea,1,1,1998 FIFA Men's World Cup,Paris,France,TRUE,group stage,0,0,0,M-1998-41
25-06-1998,Netherlands,Mexico,2,2,1998 FIFA Men's World Cup,Saint-Étienne,France,TRUE,group stage,0,0,0,M-1998-42
25-06-1998,Germany,Iran,2,0,1998 FIFA Men's World Cup,Montpellier,France,TRUE,group stage,0,0,0,M-1998-43
25-06-1998,United States,Yugoslavia,0,1,1998 FIFA Men's World Cup,Nantes,France,TRUE,group stage,0,0,0,M-1998-44
26-06-1998,Argentina,Croatia,1,0,1998 FIFA Men's World Cup,Bordeaux,France,TRUE,group stage,0,0,0,M-1998-45
26-06-1998,Japan,Jamaica,1,2,1998 FIFA Men's World Cup,Lyon,France,TRUE,group stage,0,0,0,M-1998-46
26-06-1998,Colombia,England,0,2,1998 FIFA Men's World Cup,Lens,France,TRUE,group stage,0,0,0,M-1998-47
26-06-1998,Romania,Tunisia,1,1,1998 FIFA Men's World Cup,Saint-Denis,France,TRUE,group stage,0,0,0,M-1998-48
27-06-1998,Italy,Norway,1,0,1998 FIFA Men's World Cup,Marseille,France,TRUE,round of 16,1,0,0,M-1998-49
27-06-1998,Brazil,Chile,4,1,1998 FIFA Men's World Cup,Paris,France,TRUE,round of 16,1,0,0,M-1998-50
28-06-1998,France,Paraguay,1,0,1998 FIFA Men's World Cup,Lens,France,TRUE,round of 16,1,1,0,M-1998-51
28-06-1998,Nigeria,Denmark,1,4,1998 FIFA Men's World Cup,Saint-Denis,France,TRUE,round of 16,1,0,0,M-1998-52
29-06-1998,Germany,Mexico,2,1,1998 FIFA Men's World Cup,Montpellier,France,TRUE,round of 16,1,0,0,M-1998-53
29-06-1998,Netherlands,Yugoslavia,2,1,1998 FIFA Men's World Cup,Toulouse,France,TRUE,round of 16,1,0,0,M-1998-54
30-06-1998,Romania,Croatia,0,1,1998 FIFA Men's World Cup,Bordeaux,France,TRUE,round of 16,1,0,0,M-1998-55
30-06-1998,Argentina,England,2,2,1998 FIFA Men's World Cup,Saint-Étienne,France,TRUE,round of 16,1,1,1,M-1998-56
03-07-1998,Italy,France,0,0,1998 FIFA Men's World Cup,Saint-Denis,France,TRUE,quarter-finals,1,1,1,M-1998-57
03-07-1998,Brazil,Denmark,3,2,1998 FIFA Men's World Cup,Nantes,France,TRUE,quarter-finals,1,0,0,M-1998-58
04-07-1998,Netherlands,Argentina,2,1,1998 FIFA Men's World Cup,Marseille,France,TRUE,quarter-finals,1,0,0,M-1998-59
04-07-1998,Germany,Croatia,0,3,1998 FIFA Men's World Cup,Lyon,France,TRUE,quarter-finals,1,0,0,M-1998-60
07-07-1998,Brazil,Netherlands,1,1,1998 FIFA Men's World Cup,Marseille,France,TRUE,semi-finals,1,1,1,M-1998-61
08-07-1998,France,Croatia,2,1,1998 FIFA Men's World Cup,Saint-Denis,France,TRUE,semi-finals,1,0,0,M-1998-62
11-07-1998,Netherlands,Croatia,1,2,1998 FIFA Men's World Cup,Paris,France,TRUE,third-place match,1,0,0,M-1998-63
12-07-1998,Brazil,France,0,3,1998 FIFA Men's World Cup,Saint-Denis,France,TRUE,final,1,0,0,M-1998-64
31-05-2002,France,Senegal,0,1,2002 FIFA Men's World Cup,Seoul,South Korea,TRUE,group stage,0,0,0,M-2002-01
01-06-2002,Republic of Ireland,Cameroon,1,1,2002 FIFA Men's World Cup,Niigata,Japan,TRUE,group stage,0,0,0,M-2002-02
01-06-2002,Uruguay,Denmark,1,2,2002 FIFA Men's World Cup,Ulsan,South Korea,TRUE,group stage,0,0,0,M-2002-03
01-06-2002,Germany,Saudi Arabia,8,0,2002 FIFA Men's World Cup,Sapporo,Japan,TRUE,group stage,0,0,0,M-2002-04
02-06-2002,Argentina,Nigeria,1,0,2002 FIFA Men's World Cup,Ibaraki,Japan,TRUE,group stage,0,0,0,M-2002-05
02-06-2002,Paraguay,South Africa,2,2,2002 FIFA Men's World Cup,Busan,South Korea,TRUE,group stage,0,0,0,M-2002-06
02-06-2002,England,Sweden,1,1,2002 FIFA Men's World Cup,Saitama,Japan,TRUE,group stage,0,0,0,M-2002-07
02-06-2002,Spain,Slovenia,3,1,2002 FIFA Men's World Cup,Gwangju,South Korea,TRUE,group stage,0,0,0,M-2002-08
03-06-2002,Croatia,Mexico,0,1,2002 FIFA Men's World Cup,Niigata,Japan,TRUE,group stage,0,0,0,M-2002-09
03-06-2002,Brazil,Turkey,2,1,2002 FIFA Men's World Cup,Ulsan,South Korea,TRUE,group stage,0,0,0,M-2002-10
03-06-2002,Italy,Ecuador,2,0,2002 FIFA Men's World Cup,Sapporo,Japan,TRUE,group stage,0,0,0,M-2002-11
04-06-2002,China,Costa Rica,0,2,2002 FIFA Men's World Cup,Gwangju,South Korea,TRUE,group stage,0,0,0,M-2002-12
04-06-2002,Japan,Belgium,2,2,2002 FIFA Men's World Cup,Saitama,Japan,TRUE,group stage,0,0,0,M-2002-13
04-06-2002,South Korea,Poland,2,0,2002 FIFA Men's World Cup,Busan,South Korea,TRUE,group stage,0,0,0,M-2002-14
05-06-2002,Russia,Tunisia,2,0,2002 FIFA Men's World Cup,Kobe,Japan,TRUE,group stage,0,0,0,M-2002-15
05-06-2002,United States,Portugal,3,2,2002 FIFA Men's World Cup,Suwon,South Korea,TRUE,group stage,0,0,0,M-2002-16
05-06-2002,Germany,Republic of Ireland,1,1,2002 FIFA Men's World Cup,Ibaraki,Japan,TRUE,group stage,0,0,0,M-2002-17
06-06-2002,Denmark,Senegal,1,1,2002 FIFA Men's World Cup,Daegu,South Korea,TRUE,group stage,0,0,0,M-2002-18
06-06-2002,Cameroon,Saudi Arabia,1,0,2002 FIFA Men's World Cup,Saitama,Japan,TRUE,group stage,0,0,0,M-2002-19
06-06-2002,France,Uruguay,0,0,2002 FIFA Men's World Cup,Busan,South Korea,TRUE,group stage,0,0,0,M-2002-20
07-06-2002,Sweden,Nigeria,2,1,2002 FIFA Men's World Cup,Kobe,Japan,TRUE,group stage,0,0,0,M-2002-21
07-06-2002,Spain,Paraguay,3,1,2002 FIFA Men's World Cup,Jeonju,South Korea,TRUE,group stage,0,0,0,M-2002-22
07-06-2002,Argentina,England,0,1,2002 FIFA Men's World Cup,Sapporo,Japan,TRUE,group stage,0,0,0,M-2002-23
08-06-2002,South Africa,Slovenia,1,0,2002 FIFA Men's World Cup,Daegu,South Korea,TRUE,group stage,0,0,0,M-2002-24
08-06-2002,Italy,Croatia,1,2,2002 FIFA Men's World Cup,Ibaraki,Japan,TRUE,group stage,0,0,0,M-2002-25
08-06-2002,Brazil,China,4,0,2002 FIFA Men's World Cup,Seogwipo,South Korea,TRUE,group stage,0,0,0,M-2002-26
09-06-2002,Mexico,Ecuador,2,1,2002 FIFA Men's World Cup,Miyagi,Japan,TRUE,group stage,0,0,0,M-2002-27
09-06-2002,Costa Rica,Turkey,1,1,2002 FIFA Men's World Cup,Incheon,South Korea,TRUE,group stage,0,0,0,M-2002-28
09-06-2002,Japan,Russia,1,0,2002 FIFA Men's World Cup,Yokohama,Japan,TRUE,group stage,0,0,0,M-2002-29
10-06-2002,South Korea,United States,1,1,2002 FIFA Men's World Cup,Daegu,South Korea,TRUE,group stage,0,0,0,M-2002-30
10-06-2002,Tunisia,Belgium,1,1,2002 FIFA Men's World Cup,Ōita,Japan,TRUE,group stage,0,0,0,M-2002-31
10-06-2002,Portugal,Poland,4,0,2002 FIFA Men's World Cup,Jeonju,South Korea,TRUE,group stage,0,0,0,M-2002-32
11-06-2002,Denmark,France,2,0,2002 FIFA Men's World Cup,Incheon,South Korea,TRUE,group stage,0,0,0,M-2002-33
11-06-2002,Senegal,Uruguay,3,3,2002 FIFA Men's World Cup,Suwon,South Korea,TRUE,group stage,0,0,0,M-2002-34
11-06-2002,Cameroon,Germany,0,2,2002 FIFA Men's World Cup,Shizuoka,Japan,TRUE,group stage,0,0,0,M-2002-35
11-06-2002,Saudi Arabia,Republic of Ireland,0,3,2002 FIFA Men's World Cup,Yokohama,Japan,TRUE,group stage,0,0,0,M-2002-36
12-06-2002,Nigeria,England,0,0,2002 FIFA Men's World Cup,Osaka,Japan,TRUE,group stage,0,0,0,M-2002-37
12-06-2002,Sweden,Argentina,1,1,2002 FIFA Men's World Cup,Miyagi,Japan,TRUE,group stage,0,0,0,M-2002-38
12-06-2002,Slovenia,Paraguay,1,3,2002 FIFA Men's World Cup,Seogwipo,South Korea,TRUE,group stage,0,0,0,M-2002-39
12-06-2002,South Africa,Spain,2,3,2002 FIFA Men's World Cup,Daejeon,South Korea,TRUE,group stage,0,0,0,M-2002-40
13-06-2002,Costa Rica,Brazil,2,5,2002 FIFA Men's World Cup,Suwon,South Korea,TRUE,group stage,0,0,0,M-2002-41
13-06-2002,Turkey,China,3,0,2002 FIFA Men's World Cup,Seoul,South Korea,TRUE,group stage,0,0,0,M-2002-42
13-06-2002,Ecuador,Croatia,1,0,2002 FIFA Men's World Cup,Yokohama,Japan,TRUE,group stage,0,0,0,M-2002-43
13-06-2002,Mexico,Italy,1,1,2002 FIFA Men's World Cup,Ōita,Japan,TRUE,group stage,0,0,0,M-2002-44
14-06-2002,Belgium,Russia,3,2,2002 FIFA Men's World Cup,Shizuoka,Japan,TRUE,group stage,0,0,0,M-2002-45
14-06-2002,Tunisia,Japan,0,2,2002 FIFA Men's World Cup,Osaka,Japan,TRUE,group stage,0,0,0,M-2002-46
14-06-2002,Poland,United States,3,1,2002 FIFA Men's World Cup,Daejeon,South Korea,TRUE,group stage,0,0,0,M-2002-47
14-06-2002,Portugal,South Korea,0,1,2002 FIFA Men's World Cup,Incheon,South Korea,TRUE,group stage,0,0,0,M-2002-48
15-06-2002,Germany,Paraguay,1,0,2002 FIFA Men's World Cup,Seogwipo,South Korea,TRUE,round of 16,1,0,0,M-2002-49
15-06-2002,Denmark,England,0,3,2002 FIFA Men's World Cup,Niigata,Japan,TRUE,round of 16,1,0,0,M-2002-50
16-06-2002,Sweden,Senegal,1,2,2002 FIFA Men's World Cup,Ōita,Japan,TRUE,round of 16,1,1,0,M-2002-51
16-06-2002,Spain,Republic of Ireland,1,1,2002 FIFA Men's World Cup,Suwon,South Korea,TRUE,round of 16,1,1,1,M-2002-52
17-06-2002,Mexico,United States,0,2,2002 FIFA Men's World Cup,Jeonju,South Korea,TRUE,round of 16,1,0,0,M-2002-53
17-06-2002,Brazil,Belgium,2,0,2002 FIFA Men's World Cup,Kobe,Japan,TRUE,round of 16,1,0,0,M-2002-54
18-06-2002,Japan,Turkey,0,1,2002 FIFA Men's World Cup,Miyagi,Japan,TRUE,round of 16,1,0,0,M-2002-55
18-06-2002,South Korea,Italy,2,1,2002 FIFA Men's World Cup,Daejeon,South Korea,TRUE,round of 16,1,1,0,M-2002-56
21-06-2002,England,Brazil,1,2,2002 FIFA Men's World Cup,Shizuoka,Japan,TRUE,quarter-finals,1,0,0,M-2002-57
21-06-2002,Germany,United States,1,0,2002 FIFA Men's World Cup,Ulsan,South Korea,TRUE,quarter-finals,1,0,0,M-2002-58
22-06-2002,Spain,South Korea,0,0,2002 FIFA Men's World Cup,Gwangju,South Korea,TRUE,quarter-finals,1,1,1,M-2002-59
22-06-2002,Senegal,Turkey,0,1,2002 FIFA Men's World Cup,Osaka,Japan,TRUE,quarter-finals,1,1,0,M-2002-60
25-06-2002,Germany,South Korea,1,0,2002 FIFA Men's World Cup,Seoul,South Korea,TRUE,semi-finals,1,0,0,M-2002-61
26-06-2002,Brazil,Turkey,1,0,2002 FIFA Men's World Cup,Saitama,Japan,TRUE,semi-finals,1,0,0,M-2002-62
29-06-2002,South Korea,Turkey,2,3,2002 FIFA Men's World Cup,Daegu,South Korea,TRUE,third-place match,1,0,0,M-2002-63
30-06-2002,Germany,Brazil,0,2,2002 FIFA Men's World Cup,Yokohama,Japan,TRUE,final,1,0,0,M-2002-64
09-06-2006,Germany,Costa Rica,4,2,2006 FIFA Men's World Cup,Munich,Germany,TRUE,group stage,0,0,0,M-2006-01
09-06-2006,Poland,Ecuador,0,2,2006 FIFA Men's World Cup,Gelsenkirchen,Germany,TRUE,group stage,0,0,0,M-2006-02
10-06-2006,England,Paraguay,1,0,2006 FIFA Men's World Cup,Frankfurt,Germany,TRUE,group stage,0,0,0,M-2006-03
10-06-2006,Trinidad and Tobago,Sweden,0,0,2006 FIFA Men's World Cup,Dortmund,Germany,TRUE,group stage,0,0,0,M-2006-04
10-06-2006,Argentina,Ivory Coast,2,1,2006 FIFA Men's World Cup,Hamburg,Germany,TRUE,group stage,0,0,0,M-2006-05
11-06-2006,Serbia and Montenegro,Netherlands,0,1,2006 FIFA Men's World Cup,Leipzig,Germany,TRUE,group stage,0,0,0,M-2006-06
11-06-2006,Mexico,Iran,3,1,2006 FIFA Men's World Cup,Nuremberg,Germany,TRUE,group stage,0,0,0,M-2006-07
11-06-2006,Angola,Portugal,0,1,2006 FIFA Men's World Cup,Cologne,Germany,TRUE,group stage,0,0,0,M-2006-08
12-06-2006,Australia,Japan,3,1,2006 FIFA Men's World Cup,Kaiserslautern,Germany,TRUE,group stage,0,0,0,M-2006-09
12-06-2006,United States,Czech Republic,0,3,2006 FIFA Men's World Cup,Gelsenkirchen,Germany,TRUE,group stage,0,0,0,M-2006-10
12-06-2006,Italy,Ghana,2,0,2006 FIFA Men's World Cup,Hanover,Germany,TRUE,group stage,0,0,0,M-2006-11
13-06-2006,South Korea,Togo,2,1,2006 FIFA Men's World Cup,Frankfurt,Germany,TRUE,group stage,0,0,0,M-2006-12
13-06-2006,France,Switzerland,0,0,2006 FIFA Men's World Cup,Stuttgart,Germany,TRUE,group stage,0,0,0,M-2006-13
13-06-2006,Brazil,Croatia,1,0,2006 FIFA Men's World Cup,Berlin,Germany,TRUE,group stage,0,0,0,M-2006-14
14-06-2006,Spain,Ukraine,4,0,2006 FIFA Men's World Cup,Leipzig,Germany,TRUE,group stage,0,0,0,M-2006-15
14-06-2006,Tunisia,Saudi Arabia,2,2,2006 FIFA Men's World Cup,Munich,Germany,TRUE,group stage,0,0,0,M-2006-16
14-06-2006,Germany,Poland,1,0,2006 FIFA Men's World Cup,Dortmund,Germany,TRUE,group stage,0,0,0,M-2006-17
15-06-2006,Ecuador,Costa Rica,3,0,2006 FIFA Men's World Cup,Hamburg,Germany,TRUE,group stage,0,0,0,M-2006-18
15-06-2006,England,Trinidad and Tobago,2,0,2006 FIFA Men's World Cup,Nuremberg,Germany,TRUE,group stage,0,0,0,M-2006-19
15-06-2006,Sweden,Paraguay,1,0,2006 FIFA Men's World Cup,Berlin,Germany,TRUE,group stage,0,0,0,M-2006-20
16-06-2006,Argentina,Serbia and Montenegro,6,0,2006 FIFA Men's World Cup,Gelsenkirchen,Germany,TRUE,group stage,0,0,0,M-2006-21
16-06-2006,Netherlands,Ivory Coast,2,1,2006 FIFA Men's World Cup,Stuttgart,Germany,TRUE,group stage,0,0,0,M-2006-22
16-06-2006,Mexico,Angola,0,0,2006 FIFA Men's World Cup,Hanover,Germany,TRUE,group stage,0,0,0,M-2006-23
17-06-2006,Portugal,Iran,2,0,2006 FIFA Men's World Cup,Frankfurt,Germany,TRUE,group stage,0,0,0,M-2006-24
17-06-2006,Czech Republic,Ghana,0,2,2006 FIFA Men's World Cup,Cologne,Germany,TRUE,group stage,0,0,0,M-2006-25
17-06-2006,Italy,United States,1,1,2006 FIFA Men's World Cup,Kaiserslautern,Germany,TRUE,group stage,0,0,0,M-2006-26
18-06-2006,Japan,Croatia,0,0,2006 FIFA Men's World Cup,Nuremberg,Germany,TRUE,group stage,0,0,0,M-2006-27
18-06-2006,Brazil,Australia,2,0,2006 FIFA Men's World Cup,Munich,Germany,TRUE,group stage,0,0,0,M-2006-28
18-06-2006,France,South Korea,1,1,2006 FIFA Men's World Cup,Leipzig,Germany,TRUE,group stage,0,0,0,M-2006-29
19-06-2006,Togo,Switzerland,0,2,2006 FIFA Men's World Cup,Dortmund,Germany,TRUE,group stage,0,0,0,M-2006-30
19-06-2006,Saudi Arabia,Ukraine,0,4,2006 FIFA Men's World Cup,Hamburg,Germany,TRUE,group stage,0,0,0,M-2006-31
19-06-2006,Spain,Tunisia,3,1,2006 FIFA Men's World Cup,Stuttgart,Germany,TRUE,group stage,0,0,0,M-2006-32
20-06-2006,Costa Rica,Poland,1,2,2006 FIFA Men's World Cup,Hanover,Germany,TRUE,group stage,0,0,0,M-2006-33
20-06-2006,Ecuador,Germany,0,3,2006 FIFA Men's World Cup,Berlin,Germany,TRUE,group stage,0,0,0,M-2006-34
20-06-2006,Paraguay,Trinidad and Tobago,2,0,2006 FIFA Men's World Cup,Kaiserslautern,Germany,TRUE,group stage,0,0,0,M-2006-35
20-06-2006,Sweden,England,2,2,2006 FIFA Men's World Cup,Cologne,Germany,TRUE,group stage,0,0,0,M-2006-36
21-06-2006,Iran,Angola,1,1,2006 FIFA Men's World Cup,Leipzig,Germany,TRUE,group stage,0,0,0,M-2006-37
21-06-2006,Portugal,Mexico,2,1,2006 FIFA Men's World Cup,Gelsenkirchen,Germany,TRUE,group stage,0,0,0,M-2006-38
21-06-2006,Ivory Coast,Serbia and Montenegro,3,2,2006 FIFA Men's World Cup,Munich,Germany,TRUE,group stage,0,0,0,M-2006-39
21-06-2006,Netherlands,Argentina,0,0,2006 FIFA Men's World Cup,Frankfurt,Germany,TRUE,group stage,0,0,0,M-2006-40
22-06-2006,Czech Republic,Italy,0,2,2006 FIFA Men's World Cup,Hamburg,Germany,TRUE,group stage,0,0,0,M-2006-41
22-06-2006,Ghana,United States,2,1,2006 FIFA Men's World Cup,Nuremberg,Germany,TRUE,group stage,0,0,0,M-2006-42
22-06-2006,Croatia,Australia,2,2,2006 FIFA Men's World Cup,Stuttgart,Germany,TRUE,group stage,0,0,0,M-2006-43
22-06-2006,Japan,Brazil,1,4,2006 FIFA Men's World Cup,Dortmund,Germany,TRUE,group stage,0,0,0,M-2006-44
23-06-2006,Saudi Arabia,Spain,0,1,2006 FIFA Men's World Cup,Kaiserslautern,Germany,TRUE,group stage,0,0,0,M-2006-45
23-06-2006,Ukraine,Tunisia,1,0,2006 FIFA Men's World Cup,Berlin,Germany,TRUE,group stage,0,0,0,M-2006-46
23-06-2006,Switzerland,South Korea,2,0,2006 FIFA Men's World Cup,Hanover,Germany,TRUE,group stage,0,0,0,M-2006-47
23-06-2006,Togo,France,0,2,2006 FIFA Men's World Cup,Cologne,Germany,TRUE,group stage,0,0,0,M-2006-48
24-06-2006,Germany,Sweden,2,0,2006 FIFA Men's World Cup,Munich,Germany,TRUE,round of 16,1,0,0,M-2006-49
24-06-2006,Argentina,Mexico,2,1,2006 FIFA Men's World Cup,Leipzig,Germany,TRUE,round of 16,1,1,0,M-2006-50
25-06-2006,England,Ecuador,1,0,2006 FIFA Men's World Cup,Stuttgart,Germany,TRUE,round of 16,1,0,0,M-2006-51
25-06-2006,Portugal,Netherlands,1,0,2006 FIFA Men's World Cup,Nuremberg,Germany,TRUE,round of 16,1,0,0,M-2006-52
26-06-2006,Italy,Australia,1,0,2006 FIFA Men's World Cup,Kaiserslautern,Germany,TRUE,round of 16,1,0,0,M-2006-53
26-06-2006,Switzerland,Ukraine,0,0,2006 FIFA Men's World Cup,Cologne,Germany,TRUE,round of 16,1,1,1,M-2006-54
27-06-2006,Brazil,Ghana,3,0,2006 FIFA Men's World Cup,Dortmund,Germany,TRUE,round of 16,1,0,0,M-2006-55
27-06-2006,Spain,France,1,3,2006 FIFA Men's World Cup,Hanover,Germany,TRUE,round of 16,1,0,0,M-2006-56
30-06-2006,Germany,Argentina,1,1,2006 FIFA Men's World Cup,Berlin,Germany,TRUE,quarter-finals,1,1,1,M-2006-57
30-06-2006,Italy,Ukraine,3,0,2006 FIFA Men's World Cup,Hamburg,Germany,TRUE,quarter-finals,1,0,0,M-2006-58
01-07-2006,England,Portugal,0,0,2006 FIFA Men's World Cup,Gelsenkirchen,Germany,TRUE,quarter-finals,1,1,1,M-2006-59
01-07-2006,Brazil,France,0,1,2006 FIFA Men's World Cup,Frankfurt,Germany,TRUE,quarter-finals,1,0,0,M-2006-60
04-07-2006,Germany,Italy,0,2,2006 FIFA Men's World Cup,Dortmund,Germany,TRUE,semi-finals,1,1,0,M-2006-61
05-07-2006,Portugal,France,0,1,2006 FIFA Men's World Cup,Munich,Germany,TRUE,semi-finals,1,0,0,M-2006-62
08-07-2006,Germany,Portugal,3,1,2006 FIFA Men's World Cup,Stuttgart,Germany,TRUE,third-place match,1,0,0,M-2006-63
09-07-2006,Italy,France,1,1,2006 FIFA Men's World Cup,Berlin,Germany,TRUE,final,1,1,1,M-2006-64
11-06-2010,South Africa,Mexico,1,1,2010 FIFA Men's World Cup,Johannesburg,South Africa,TRUE,group stage,0,0,0,M-2010-01
11-06-2010,Uruguay,France,0,0,2010 FIFA Men's World Cup,Cape Town,South Africa,TRUE,group stage,0,0,0,M-2010-02
12-06-2010,South Korea,Greece,2,0,2010 FIFA Men's World Cup,Port Elizabeth,South Africa,TRUE,group stage,0,0,0,M-2010-03
12-06-2010,Argentina,Nigeria,1,0,2010 FIFA Men's World Cup,Johannesburg,South Africa,TRUE,group stage,0,0,0,M-2010-04
12-06-2010,England,United States,1,1,2010 FIFA Men's World Cup,Rustenburg,South Africa,TRUE,group stage,0,0,0,M-2010-05
13-06-2010,Algeria,Slovenia,0,1,2010 FIFA Men's World Cup,Polokwane,South Africa,TRUE,group stage,0,0,0,M-2010-06
13-06-2010,Serbia,Ghana,0,1,2010 FIFA Men's World Cup,Pretoria,South Africa,TRUE,group stage,0,0,0,M-2010-07
13-06-2010,Germany,Australia,4,0,2010 FIFA Men's World Cup,Durban,South Africa,TRUE,group stage,0,0,0,M-2010-08
14-06-2010,Netherlands,Denmark,2,0,2010 FIFA Men's World Cup,Johannesburg,South Africa,TRUE,group stage,0,0,0,M-2010-09
14-06-2010,Japan,Cameroon,1,0,2010 FIFA Men's World Cup,Bloemfontein,South Africa,TRUE,group stage,0,0,0,M-2010-10
14-06-2010,Italy,Paraguay,1,1,2010 FIFA Men's World Cup,Cape Town,South Africa,TRUE,group stage,0,0,0,M-2010-11
15-06-2010,New Zealand,Slovakia,1,1,2010 FIFA Men's World Cup,Rustenburg,South Africa,TRUE,group stage,0,0,0,M-2010-12
15-06-2010,Ivory Coast,Portugal,0,0,2010 FIFA Men's World Cup,Port Elizabeth,South Africa,TRUE,group stage,0,0,0,M-2010-13
15-06-2010,Brazil,North Korea,2,1,2010 FIFA Men's World Cup,Johannesburg,South Africa,TRUE,group stage,0,0,0,M-2010-14
16-06-2010,Honduras,Chile,0,1,2010 FIFA Men's World Cup,Nelspruit,South Africa,TRUE,group stage,0,0,0,M-2010-15
16-06-2010,Spain,Switzerland,0,1,2010 FIFA Men's World Cup,Durban,South Africa,TRUE,group stage,0,0,0,M-2010-16
16-06-2010,South Africa,Uruguay,0,3,2010 FIFA Men's World Cup,Pretoria,South Africa,TRUE,group stage,0,0,0,M-2010-17
17-06-2010,Argentina,South Korea,4,1,2010 FIFA Men's World Cup,Johannesburg,South Africa,TRUE,group stage,0,0,0,M-2010-18
17-06-2010,Greece,Nigeria,2,1,2010 FIFA Men's World Cup,Bloemfontein,South Africa,TRUE,group stage,0,0,0,M-2010-19
17-06-2010,France,Mexico,0,2,2010 FIFA Men's World Cup,Polokwane,South Africa,TRUE,group stage,0,0,0,M-2010-20
18-06-2010,Germany,Serbia,0,1,2010 FIFA Men's World Cup,Port Elizabeth,South Africa,TRUE,group stage,0,0,0,M-2010-21
18-06-2010,Slovenia,United States,2,2,2010 FIFA Men's World Cup,Johannesburg,South Africa,TRUE,group stage,0,0,0,M-2010-22
18-06-2010,England,Algeria,0,0,2010 FIFA Men's World Cup,Cape Town,South Africa,TRUE,group stage,0,0,0,M-2010-23
19-06-2010,Netherlands,Japan,1,0,2010 FIFA Men's World Cup,Durban,South Africa,TRUE,group stage,0,0,0,M-2010-24
19-06-2010,Ghana,Australia,1,1,2010 FIFA Men's World Cup,Rustenburg,South Africa,TRUE,group stage,0,0,0,M-2010-25
19-06-2010,Cameroon,Denmark,1,2,2010 FIFA Men's World Cup,Pretoria,South Africa,TRUE,group stage,0,0,0,M-2010-26
20-06-2010,Slovakia,Paraguay,0,2,2010 FIFA Men's World Cup,Bloemfontein,South Africa,TRUE,group stage,0,0,0,M-2010-27
20-06-2010,Italy,New Zealand,1,1,2010 FIFA Men's World Cup,Nelspruit,South Africa,TRUE,group stage,0,0,0,M-2010-28
20-06-2010,Brazil,Ivory Coast,3,1,2010 FIFA Men's World Cup,Johannesburg,South Africa,TRUE,group stage,0,0,0,M-2010-29
21-06-2010,Portugal,North Korea,7,0,2010 FIFA Men's World Cup,Cape Town,South Africa,TRUE,group stage,0,0,0,M-2010-30
21-06-2010,Chile,Switzerland,1,0,2010 FIFA Men's World Cup,Port Elizabeth,South Africa,TRUE,group stage,0,0,0,M-2010-31
21-06-2010,Spain,Honduras,2,0,2010 FIFA Men's World Cup,Johannesburg,South Africa,TRUE,group stage,0,0,0,M-2010-32
22-06-2010,France,South Africa,1,2,2010 FIFA Men's World Cup,Bloemfontein,South Africa,TRUE,group stage,0,0,0,M-2010-33
22-06-2010,Mexico,Uruguay,0,1,2010 FIFA Men's World Cup,Rustenburg,South Africa,TRUE,group stage,0,0,0,M-2010-34
22-06-2010,Greece,Argentina,0,2,2010 FIFA Men's World Cup,Polokwane,South Africa,TRUE,group stage,0,0,0,M-2010-35
22-06-2010,Nigeria,South Korea,2,2,2010 FIFA Men's World Cup,Durban,South Africa,TRUE,group stage,0,0,0,M-2010-36
23-06-2010,Slovenia,England,0,1,2010 FIFA Men's World Cup,Port Elizabeth,South Africa,TRUE,group stage,0,0,0,M-2010-37
23-06-2010,United States,Algeria,1,0,2010 FIFA Men's World Cup,Pretoria,South Africa,TRUE,group stage,0,0,0,M-2010-38
23-06-2010,Australia,Serbia,2,1,2010 FIFA Men's World Cup,Nelspruit,South Africa,TRUE,group stage,0,0,0,M-2010-39
23-06-2010,Ghana,Germany,0,1,2010 FIFA Men's World Cup,Johannesburg,South Africa,TRUE,group stage,0,0,0,M-2010-40
24-06-2010,Paraguay,New Zealand,0,0,2010 FIFA Men's World Cup,Polokwane,South Africa,TRUE,group stage,0,0,0,M-2010-41
24-06-2010,Slovakia,Italy,3,2,2010 FIFA Men's World Cup,Johannesburg,South Africa,TRUE,group stage,0,0,0,M-2010-42
24-06-2010,Cameroon,Netherlands,1,2,2010 FIFA Men's World Cup,Cape Town,South Africa,TRUE,group stage,0,0,0,M-2010-43
24-06-2010,Denmark,Japan,1,3,2010 FIFA Men's World Cup,Rustenburg,South Africa,TRUE,group stage,0,0,0,M-2010-44
25-06-2010,North Korea,Ivory Coast,0,3,2010 FIFA Men's World Cup,Nelspruit,South Africa,TRUE,group stage,0,0,0,M-2010-45
25-06-2010,Portugal,Brazil,0,0,2010 FIFA Men's World Cup,Durban,South Africa,TRUE,group stage,0,0,0,M-2010-46
25-06-2010,Chile,Spain,1,2,2010 FIFA Men's World Cup,Pretoria,South Africa,TRUE,group stage,0,0,0,M-2010-47
25-06-2010,Switzerland,Honduras,0,0,2010 FIFA Men's World Cup,Bloemfontein,South Africa,TRUE,group stage,0,0,0,M-2010-48
26-06-2010,Uruguay,South Korea,2,1,2010 FIFA Men's World Cup,Port Elizabeth,South Africa,TRUE,round of 16,1,0,0,M-2010-49
26-06-2010,United States,Ghana,1,2,2010 FIFA Men's World Cup,Rustenburg,South Africa,TRUE,round of 16,1,1,0,M-2010-50
27-06-2010,Germany,England,4,1,2010 FIFA Men's World Cup,Bloemfontein,South Africa,TRUE,round of 16,1,0,0,M-2010-51
27-06-2010,Argentina,Mexico,3,1,2010 FIFA Men's World Cup,Johannesburg,South Africa,TRUE,round of 16,1,0,0,M-2010-52
28-06-2010,Netherlands,Slovakia,2,1,2010 FIFA Men's World Cup,Durban,South Africa,TRUE,round of 16,1,0,0,M-2010-53
28-06-2010,Brazil,Chile,3,0,2010 FIFA Men's World Cup,Johannesburg,South Africa,TRUE,round of 16,1,0,0,M-2010-54
29-06-2010,Paraguay,Japan,0,0,2010 FIFA Men's World Cup,Pretoria,South Africa,TRUE,round of 16,1,1,1,M-2010-55
29-06-2010,Spain,Portugal,1,0,2010 FIFA Men's World Cup,Cape Town,South Africa,TRUE,round of 16,1,0,0,M-2010-56
02-07-2010,Netherlands,Brazil,2,1,2010 FIFA Men's World Cup,Port Elizabeth,South Africa,TRUE,quarter-finals,1,0,0,M-2010-57
02-07-2010,Uruguay,Ghana,1,1,2010 FIFA Men's World Cup,Johannesburg,South Africa,TRUE,quarter-finals,1,1,1,M-2010-58
03-07-2010,Argentina,Germany,0,4,2010 FIFA Men's World Cup,Cape Town,South Africa,TRUE,quarter-finals,1,0,0,M-2010-59
03-07-2010,Paraguay,Spain,0,1,2010 FIFA Men's World Cup,Johannesburg,South Africa,TRUE,quarter-finals,1,0,0,M-2010-60
06-07-2010,Uruguay,Netherlands,2,3,2010 FIFA Men's World Cup,Cape Town,South Africa,TRUE,semi-finals,1,0,0,M-2010-61
07-07-2010,Germany,Spain,0,1,2010 FIFA Men's World Cup,Durban,South Africa,TRUE,semi-finals,1,0,0,M-2010-62
10-07-2010,Uruguay,Germany,2,3,2010 FIFA Men's World Cup,Port Elizabeth,South Africa,TRUE,third-place match,1,0,0,M-2010-63
11-07-2010,Netherlands,Spain,0,1,2010 FIFA Men's World Cup,Johannesburg,South Africa,TRUE,final,1,1,0,M-2010-64
12-06-2014,Brazil,Croatia,3,1,2014 FIFA Men's World Cup,São Paulo,Brazil,TRUE,group stage,0,0,0,M-2014-01
13-06-2014,Mexico,Cameroon,1,0,2014 FIFA Men's World Cup,Natal,Brazil,TRUE,group stage,0,0,0,M-2014-02
13-06-2014,Spain,Netherlands,1,5,2014 FIFA Men's World Cup,Salvador,Brazil,TRUE,group stage,0,0,0,M-2014-03
13-06-2014,Chile,Australia,3,1,2014 FIFA Men's World Cup,Cuiabá,Brazil,TRUE,group stage,0,0,0,M-2014-04
14-06-2014,Colombia,Greece,3,0,2014 FIFA Men's World Cup,Belo Horizonte,Brazil,TRUE,group stage,0,0,0,M-2014-05
14-06-2014,Uruguay,Costa Rica,1,3,2014 FIFA Men's World Cup,Fortaleza,Brazil,TRUE,group stage,0,0,0,M-2014-06
14-06-2014,England,Italy,1,2,2014 FIFA Men's World Cup,Manaus,Brazil,TRUE,group stage,0,0,0,M-2014-07
14-06-2014,Ivory Coast,Japan,2,1,2014 FIFA Men's World Cup,Recife,Brazil,TRUE,group stage,0,0,0,M-2014-08
15-06-2014,Switzerland,Ecuador,2,1,2014 FIFA Men's World Cup,Brasília,Brazil,TRUE,group stage,0,0,0,M-2014-09
15-06-2014,France,Honduras,3,0,2014 FIFA Men's World Cup,Porto Alegre,Brazil,TRUE,group stage,0,0,0,M-2014-10
15-06-2014,Argentina,Bosnia and Herzegovina,2,1,2014 FIFA Men's World Cup,Rio de Janeiro,Brazil,TRUE,group stage,0,0,0,M-2014-11
16-06-2014,Germany,Portugal,4,0,2014 FIFA Men's World Cup,Salvador,Brazil,TRUE,group stage,0,0,0,M-2014-12
16-06-2014,Iran,Nigeria,0,0,2014 FIFA Men's World Cup,Curitiba,Brazil,TRUE,group stage,0,0,0,M-2014-13
16-06-2014,Ghana,United States,1,2,2014 FIFA Men's World Cup,Natal,Brazil,TRUE,group stage,0,0,0,M-2014-14
17-06-2014,Belgium,Algeria,2,1,2014 FIFA Men's World Cup,Belo Horizonte,Brazil,TRUE,group stage,0,0,0,M-2014-15
17-06-2014,Brazil,Mexico,0,0,2014 FIFA Men's World Cup,Fortaleza,Brazil,TRUE,group stage,0,0,0,M-2014-16
17-06-2014,Russia,South Korea,1,1,2014 FIFA Men's World Cup,Cuiabá,Brazil,TRUE,group stage,0,0,0,M-2014-17
18-06-2014,Australia,Netherlands,2,3,2014 FIFA Men's World Cup,Porto Alegre,Brazil,TRUE,group stage,0,0,0,M-2014-18
18-06-2014,Spain,Chile,0,2,2014 FIFA Men's World Cup,Rio de Janeiro,Brazil,TRUE,group stage,0,0,0,M-2014-19
18-06-2014,Cameroon,Croatia,0,4,2014 FIFA Men's World Cup,Manaus,Brazil,TRUE,group stage,0,0,0,M-2014-20
19-06-2014,Colombia,Ivory Coast,2,1,2014 FIFA Men's World Cup,Brasília,Brazil,TRUE,group stage,0,0,0,M-2014-21
19-06-2014,Uruguay,England,2,1,2014 FIFA Men's World Cup,São Paulo,Brazil,TRUE,group stage,0,0,0,M-2014-22
19-06-2014,Japan,Greece,0,0,2014 FIFA Men's World Cup,Natal,Brazil,TRUE,group stage,0,0,0,M-2014-23
20-06-2014,Italy,Costa Rica,0,1,2014 FIFA Men's World Cup,Recife,Brazil,TRUE,group stage,0,0,0,M-2014-24
20-06-2014,Switzerland,France,2,5,2014 FIFA Men's World Cup,Salvador,Brazil,TRUE,group stage,0,0,0,M-2014-25
20-06-2014,Honduras,Ecuador,1,2,2014 FIFA Men's World Cup,Curitiba,Brazil,TRUE,group stage,0,0,0,M-2014-26
21-06-2014,Argentina,Iran,1,0,2014 FIFA Men's World Cup,Belo Horizonte,Brazil,TRUE,group stage,0,0,0,M-2014-27
21-06-2014,Germany,Ghana,2,2,2014 FIFA Men's World Cup,Fortaleza,Brazil,TRUE,group stage,0,0,0,M-2014-28
21-06-2014,Nigeria,Bosnia and Herzegovina,1,0,2014 FIFA Men's World Cup,Cuiabá,Brazil,TRUE,group stage,0,0,0,M-2014-29
22-06-2014,Belgium,Russia,1,0,2014 FIFA Men's World Cup,Rio de Janeiro,Brazil,TRUE,group stage,0,0,0,M-2014-30
22-06-2014,South Korea,Algeria,2,4,2014 FIFA Men's World Cup,Porto Alegre,Brazil,TRUE,group stage,0,0,0,M-2014-31
22-06-2014,United States,Portugal,2,2,2014 FIFA Men's World Cup,Manaus,Brazil,TRUE,group stage,0,0,0,M-2014-32
23-06-2014,Australia,Spain,0,3,2014 FIFA Men's World Cup,Curitiba,Brazil,TRUE,group stage,0,0,0,M-2014-33
23-06-2014,Netherlands,Chile,2,0,2014 FIFA Men's World Cup,São Paulo,Brazil,TRUE,group stage,0,0,0,M-2014-34
23-06-2014,Cameroon,Brazil,1,4,2014 FIFA Men's World Cup,Brasília,Brazil,TRUE,group stage,0,0,0,M-2014-35
23-06-2014,Croatia,Mexico,1,3,2014 FIFA Men's World Cup,Recife,Brazil,TRUE,group stage,0,0,0,M-2014-36
24-06-2014,Costa Rica,England,0,0,2014 FIFA Men's World Cup,Belo Horizonte,Brazil,TRUE,group stage,0,0,0,M-2014-37
24-06-2014,Italy,Uruguay,0,1,2014 FIFA Men's World Cup,Natal,Brazil,TRUE,group stage,0,0,0,M-2014-38
24-06-2014,Japan,Colombia,1,4,2014 FIFA Men's World Cup,Cuiabá,Brazil,TRUE,group stage,0,0,0,M-2014-39
24-06-2014,Greece,Ivory Coast,2,1,2014 FIFA Men's World Cup,Fortaleza,Brazil,TRUE,group stage,0,0,0,M-2014-40
25-06-2014,Bosnia and Herzegovina,Iran,3,1,2014 FIFA Men's World Cup,Salvador,Brazil,TRUE,group stage,0,0,0,M-2014-41
25-06-2014,Nigeria,Argentina,2,3,2014 FIFA Men's World Cup,Porto Alegre,Brazil,TRUE,group stage,0,0,0,M-2014-42
25-06-2014,Honduras,Switzerland,0,3,2014 FIFA Men's World Cup,Manaus,Brazil,TRUE,group stage,0,0,0,M-2014-43
25-06-2014,Ecuador,France,0,0,2014 FIFA Men's World Cup,Rio de Janeiro,Brazil,TRUE,group stage,0,0,0,M-2014-44
26-06-2014,Portugal,Ghana,2,1,2014 FIFA Men's World Cup,Brasília,Brazil,TRUE,group stage,0,0,0,M-2014-45
26-06-2014,United States,Germany,0,1,2014 FIFA Men's World Cup,Recife,Brazil,TRUE,group stage,0,0,0,M-2014-46
26-06-2014,Algeria,Russia,1,1,2014 FIFA Men's World Cup,Curitiba,Brazil,TRUE,group stage,0,0,0,M-2014-47
26-06-2014,South Korea,Belgium,0,1,2014 FIFA Men's World Cup,São Paulo,Brazil,TRUE,group stage,0,0,0,M-2014-48
28-06-2014,Brazil,Chile,1,1,2014 FIFA Men's World Cup,Belo Horizonte,Brazil,TRUE,round of 16,1,1,1,M-2014-49
28-06-2014,Colombia,Uruguay,2,0,2014 FIFA Men's World Cup,Rio de Janeiro,Brazil,TRUE,round of 16,1,0,0,M-2014-50
29-06-2014,Netherlands,Mexico,2,1,2014 FIFA Men's World Cup,Fortaleza,Brazil,TRUE,round of 16,1,0,0,M-2014-51
29-06-2014,Costa Rica,Greece,1,1,2014 FIFA Men's World Cup,Recife,Brazil,TRUE,round of 16,1,1,1,M-2014-52
30-06-2014,France,Nigeria,2,0,2014 FIFA Men's World Cup,Brasília,Brazil,TRUE,round of 16,1,0,0,M-2014-53
30-06-2014,Germany,Algeria,2,1,2014 FIFA Men's World Cup,Porto Alegre,Brazil,TRUE,round of 16,1,1,0,M-2014-54
01-07-2014,Argentina,Switzerland,1,0,2014 FIFA Men's World Cup,São Paulo,Brazil,TRUE,round of 16,1,1,0,M-2014-55
01-07-2014,Belgium,United States,2,1,2014 FIFA Men's World Cup,Salvador,Brazil,TRUE,round of 16,1,1,0,M-2014-56
04-07-2014,France,Germany,0,1,2014 FIFA Men's World Cup,Rio de Janeiro,Brazil,TRUE,quarter-finals,1,0,0,M-2014-57
04-07-2014,Brazil,Colombia,2,1,2014 FIFA Men's World Cup,Fortaleza,Brazil,TRUE,quarter-finals,1,0,0,M-2014-58
05-07-2014,Argentina,Belgium,1,0,2014 FIFA Men's World Cup,Brasília,Brazil,TRUE,quarter-finals,1,0,0,M-2014-59
05-07-2014,Netherlands,Costa Rica,0,0,2014 FIFA Men's World Cup,Salvador,Brazil,TRUE,quarter-finals,1,1,1,M-2014-60
08-07-2014,Brazil,Germany,1,7,2014 FIFA Men's World Cup,Belo Horizonte,Brazil,TRUE,semi-finals,1,0,0,M-2014-61
09-07-2014,Netherlands,Argentina,0,0,2014 FIFA Men's World Cup,São Paulo,Brazil,TRUE,semi-finals,1,1,1,M-2014-62
12-07-2014,Brazil,Netherlands,0,3,2014 FIFA Men's World Cup,Brasília,Brazil,TRUE,third-place match,1,0,0,M-2014-63
13-07-2014,Germany,Argentina,1,0,2014 FIFA Men's World Cup,Rio de Janeiro,Brazil,TRUE,final,1,1,0,M-2014-64
14-06-2018,Russia,Saudi Arabia,5,0,2018 FIFA Men's World Cup,Moscow,Russia,TRUE,group stage,0,0,0,M-2018-01
15-06-2018,Egypt,Uruguay,0,1,2018 FIFA Men's World Cup,Yekaterinburg,Russia,TRUE,group stage,0,0,0,M-2018-02
15-06-2018,Morocco,Iran,0,1,2018 FIFA Men's World Cup,Saint Petersburg,Russia,TRUE,group stage,0,0,0,M-2018-03
15-06-2018,Portugal,Spain,3,3,2018 FIFA Men's World Cup,Sochi,Russia,TRUE,group stage,0,0,0,M-2018-04
16-06-2018,France,Australia,2,1,2018 FIFA Men's World Cup,Kazan,Russia,TRUE,group stage,0,0,0,M-2018-05
16-06-2018,Argentina,Iceland,1,1,2018 FIFA Men's World Cup,Moscow,Russia,TRUE,group stage,0,0,0,M-2018-06
16-06-2018,Peru,Denmark,0,1,2018 FIFA Men's World Cup,Saransk,Russia,TRUE,group stage,0,0,0,M-2018-07
16-06-2018,Croatia,Nigeria,2,0,2018 FIFA Men's World Cup,Kaliningrad,Russia,TRUE,group stage,0,0,0,M-2018-08
17-06-2018,Costa Rica,Serbia,0,1,2018 FIFA Men's World Cup,Samara,Russia,TRUE,group stage,0,0,0,M-2018-09
17-06-2018,Germany,Mexico,0,1,2018 FIFA Men's World Cup,Moscow,Russia,TRUE,group stage,0,0,0,M-2018-10
17-06-2018,Brazil,Switzerland,1,1,2018 FIFA Men's World Cup,Rostov-on-Don,Russia,TRUE,group stage,0,0,0,M-2018-11
18-06-2018,Sweden,South Korea,1,0,2018 FIFA Men's World Cup,Nizhny Novgorod,Russia,TRUE,group stage,0,0,0,M-2018-12
18-06-2018,Belgium,Panama,3,0,2018 FIFA Men's World Cup,Sochi,Russia,TRUE,group stage,0,0,0,M-2018-13
18-06-2018,Tunisia,England,1,2,2018 FIFA Men's World Cup,Volgograd,Russia,TRUE,group stage,0,0,0,M-2018-14
19-06-2018,Colombia,Japan,1,2,2018 FIFA Men's World Cup,Saransk,Russia,TRUE,group stage,0,0,0,M-2018-15
19-06-2018,Poland,Senegal,1,2,2018 FIFA Men's World Cup,Moscow,Russia,TRUE,group stage,0,0,0,M-2018-16
19-06-2018,Russia,Egypt,3,1,2018 FIFA Men's World Cup,Saint Petersburg,Russia,TRUE,group stage,0,0,0,M-2018-17
20-06-2018,Portugal,Morocco,1,0,2018 FIFA Men's World Cup,Moscow,Russia,TRUE,group stage,0,0,0,M-2018-18
20-06-2018,Uruguay,Saudi Arabia,1,0,2018 FIFA Men's World Cup,Rostov-on-Don,Russia,TRUE,group stage,0,0,0,M-2018-19
20-06-2018,Iran,Spain,0,1,2018 FIFA Men's World Cup,Kazan,Russia,TRUE,group stage,0,0,0,M-2018-20
21-06-2018,Denmark,Australia,1,1,2018 FIFA Men's World Cup,Samara,Russia,TRUE,group stage,0,0,0,M-2018-21
21-06-2018,France,Peru,1,0,2018 FIFA Men's World Cup,Yekaterinburg,Russia,TRUE,group stage,0,0,0,M-2018-22
21-06-2018,Argentina,Croatia,0,3,2018 FIFA Men's World Cup,Nizhny Novgorod,Russia,TRUE,group stage,0,0,0,M-2018-23
22-06-2018,Brazil,Costa Rica,2,0,2018 FIFA Men's World Cup,Saint Petersburg,Russia,TRUE,group stage,0,0,0,M-2018-24
22-06-2018,Nigeria,Iceland,2,0,2018 FIFA Men's World Cup,Volgograd,Russia,TRUE,group stage,0,0,0,M-2018-25
22-06-2018,Serbia,Switzerland,1,2,2018 FIFA Men's World Cup,Kaliningrad,Russia,TRUE,group stage,0,0,0,M-2018-26
23-06-2018,Belgium,Tunisia,5,2,2018 FIFA Men's World Cup,Moscow,Russia,TRUE,group stage,0,0,0,M-2018-27
23-06-2018,South Korea,Mexico,1,2,2018 FIFA Men's World Cup,Rostov-on-Don,Russia,TRUE,group stage,0,0,0,M-2018-28
23-06-2018,Germany,Sweden,2,1,2018 FIFA Men's World Cup,Sochi,Russia,TRUE,group stage,0,0,0,M-2018-29
24-06-2018,England,Panama,6,1,2018 FIFA Men's World Cup,Nizhny Novgorod,Russia,TRUE,group stage,0,0,0,M-2018-30
24-06-2018,Japan,Senegal,2,2,2018 FIFA Men's World Cup,Yekaterinburg,Russia,TRUE,group stage,0,0,0,M-2018-31
24-06-2018,Poland,Colombia,0,3,2018 FIFA Men's World Cup,Kazan,Russia,TRUE,group stage,0,0,0,M-2018-32
25-06-2018,Saudi Arabia,Egypt,2,1,2018 FIFA Men's World Cup,Volgograd,Russia,TRUE,group stage,0,0,0,M-2018-33
25-06-2018,Uruguay,Russia,3,0,2018 FIFA Men's World Cup,Samara,Russia,TRUE,group stage,0,0,0,M-2018-34
25-06-2018,Spain,Morocco,2,2,2018 FIFA Men's World Cup,Kaliningrad,Russia,TRUE,group stage,0,0,0,M-2018-35
25-06-2018,Iran,Portugal,1,1,2018 FIFA Men's World Cup,Saransk,Russia,TRUE,group stage,0,0,0,M-2018-36
26-06-2018,Australia,Peru,0,2,2018 FIFA Men's World Cup,Sochi,Russia,TRUE,group stage,0,0,0,M-2018-37
26-06-2018,Denmark,France,0,0,2018 FIFA Men's World Cup,Moscow,Russia,TRUE,group stage,0,0,0,M-2018-38
26-06-2018,Iceland,Croatia,1,2,2018 FIFA Men's World Cup,Rostov-on-Don,Russia,TRUE,group stage,0,0,0,M-2018-39
26-06-2018,Nigeria,Argentina,1,2,2018 FIFA Men's World Cup,Saint Petersburg,Russia,TRUE,group stage,0,0,0,M-2018-40
27-06-2018,South Korea,Germany,2,0,2018 FIFA Men's World Cup,Kazan,Russia,TRUE,group stage,0,0,0,M-2018-41
27-06-2018,Mexico,Sweden,0,3,2018 FIFA Men's World Cup,Yekaterinburg,Russia,TRUE,group stage,0,0,0,M-2018-42
27-06-2018,Serbia,Brazil,0,2,2018 FIFA Men's World Cup,Moscow,Russia,TRUE,group stage,0,0,0,M-2018-43
27-06-2018,Switzerland,Costa Rica,2,2,2018 FIFA Men's World Cup,Nizhny Novgorod,Russia,TRUE,group stage,0,0,0,M-2018-44
28-06-2018,Japan,Poland,0,1,2018 FIFA Men's World Cup,Volgograd,Russia,TRUE,group stage,0,0,0,M-2018-45
28-06-2018,Senegal,Colombia,0,1,2018 FIFA Men's World Cup,Samara,Russia,TRUE,group stage,0,0,0,M-2018-46
28-06-2018,England,Belgium,0,1,2018 FIFA Men's World Cup,Kaliningrad,Russia,TRUE,group stage,0,0,0,M-2018-47
28-06-2018,Panama,Tunisia,1,2,2018 FIFA Men's World Cup,Saransk,Russia,TRUE,group stage,0,0,0,M-2018-48
30-06-2018,France,Argentina,4,3,2018 FIFA Men's World Cup,Kazan,Russia,TRUE,round of 16,1,0,0,M-2018-49
30-06-2018,Uruguay,Portugal,2,1,2018 FIFA Men's World Cup,Sochi,Russia,TRUE,round of 16,1,0,0,M-2018-50
01-07-2018,Spain,Russia,1,1,2018 FIFA Men's World Cup,Moscow,Russia,TRUE,round of 16,1,1,1,M-2018-51
01-07-2018,Croatia,Denmark,1,1,2018 FIFA Men's World Cup,Nizhny Novgorod,Russia,TRUE,round of 16,1,1,1,M-2018-52
02-07-2018,Brazil,Mexico,2,0,2018 FIFA Men's World Cup,Samara,Russia,TRUE,round of 16,1,0,0,M-2018-53
02-07-2018,Belgium,Japan,3,2,2018 FIFA Men's World Cup,Rostov-on-Don,Russia,TRUE,round of 16,1,0,0,M-2018-54
03-07-2018,Sweden,Switzerland,1,0,2018 FIFA Men's World Cup,Saint Petersburg,Russia,TRUE,round of 16,1,0,0,M-2018-55
03-07-2018,Colombia,England,1,1,2018 FIFA Men's World Cup,Moscow,Russia,TRUE,round of 16,1,1,1,M-2018-56
06-07-2018,Uruguay,France,0,2,2018 FIFA Men's World Cup,Nizhny Novgorod,Russia,TRUE,quarter-finals,1,0,0,M-2018-57
06-07-2018,Brazil,Belgium,1,2,2018 FIFA Men's World Cup,Kazan,Russia,TRUE,quarter-finals,1,0,0,M-2018-58
07-07-2018,Sweden,England,0,2,2018 FIFA Men's World Cup,Samara,Russia,TRUE,quarter-finals,1,0,0,M-2018-59
07-07-2018,Russia,Croatia,2,2,2018 FIFA Men's World Cup,Sochi,Russia,TRUE,quarter-finals,1,1,1,M-2018-60
10-07-2018,France,Belgium,1,0,2018 FIFA Men's World Cup,Saint Petersburg,Russia,TRUE,semi-finals,1,0,0,M-2018-61
11-07-2018,Croatia,England,2,1,2018 FIFA Men's World Cup,Moscow,Russia,TRUE,semi-finals,1,1,0,M-2018-62
14-07-2018,Belgium,England,2,0,2018 FIFA Men's World Cup,Saint Petersburg,Russia,TRUE,third-place match,1,0,0,M-2018-63
15-07-2018,France,Croatia,4,2,2018 FIFA Men's World Cup,Moscow,Russia,TRUE,final,1,0,0,M-2018-64
20-11-2022,Qatar,Ecuador,0,2,2022 FIFA Men's World Cup,Al Khor,Qatar,TRUE,group stage,0,0,0,M-2022-01
21-11-2022,England,Iran,6,2,2022 FIFA Men's World Cup,Al Rayyan,Qatar,TRUE,group stage,0,0,0,M-2022-02
21-11-2022,Senegal,Netherlands,0,2,2022 FIFA Men's World Cup,Doha,Qatar,TRUE,group stage,0,0,0,M-2022-03
21-11-2022,United States,Wales,1,1,2022 FIFA Men's World Cup,Al Rayyan,Qatar,TRUE,group stage,0,0,0,M-2022-04
22-11-2022,Argentina,Saudi Arabia,1,2,2022 FIFA Men's World Cup,Lusail,Qatar,TRUE,group stage,0,0,0,M-2022-05
22-11-2022,Denmark,Tunisia,0,0,2022 FIFA Men's World Cup,Al Rayyan,Qatar,TRUE,group stage,0,0,0,M-2022-06
22-11-2022,Mexico,Poland,0,0,2022 FIFA Men's World Cup,Doha,Qatar,TRUE,group stage,0,0,0,M-2022-07
22-11-2022,France,Australia,4,1,2022 FIFA Men's World Cup,Al Wakrah,Qatar,TRUE,group stage,0,0,0,M-2022-08
23-11-2022,Morocco,Croatia,0,0,2022 FIFA Men's World Cup,Al Khor,Qatar,TRUE,group stage,0,0,0,M-2022-09
23-11-2022,Germany,Japan,1,2,2022 FIFA Men's World Cup,Al Rayyan,Qatar,TRUE,group stage,0,0,0,M-2022-10
23-11-2022,Spain,Costa Rica,7,0,2022 FIFA Men's World Cup,Doha,Qatar,TRUE,group stage,0,0,0,M-2022-11
23-11-2022,Belgium,Canada,1,0,2022 FIFA Men's World Cup,Al Rayyan,Qatar,TRUE,group stage,0,0,0,M-2022-12
24-11-2022,Switzerland,Cameroon,1,0,2022 FIFA Men's World Cup,Al Wakrah,Qatar,TRUE,group stage,0,0,0,M-2022-13
24-11-2022,Uruguay,South Korea,0,0,2022 FIFA Men's World Cup,Al Rayyan,Qatar,TRUE,group stage,0,0,0,M-2022-14
24-11-2022,Portugal,Ghana,3,2,2022 FIFA Men's World Cup,Doha,Qatar,TRUE,group stage,0,0,0,M-2022-15
24-11-2022,Brazil,Serbia,2,0,2022 FIFA Men's World Cup,Lusail,Qatar,TRUE,group stage,0,0,0,M-2022-16
25-11-2022,Wales,Iran,0,2,2022 FIFA Men's World Cup,Al Rayyan,Qatar,TRUE,group stage,0,0,0,M-2022-17
25-11-2022,Qatar,Senegal,1,3,2022 FIFA Men's World Cup,Doha,Qatar,TRUE,group stage,0,0,0,M-2022-18
25-11-2022,Netherlands,Ecuador,1,1,2022 FIFA Men's World Cup,Al Rayyan,Qatar,TRUE,group stage,0,0,0,M-2022-19
25-11-2022,England,United States,0,0,2022 FIFA Men's World Cup,Al Khor,Qatar,TRUE,group stage,0,0,0,M-2022-20
26-11-2022,Tunisia,Australia,0,1,2022 FIFA Men's World Cup,Al Wakrah,Qatar,TRUE,group stage,0,0,0,M-2022-21
26-11-2022,Poland,Saudi Arabia,2,0,2022 FIFA Men's World Cup,Al Rayyan,Qatar,TRUE,group stage,0,0,0,M-2022-22
26-11-2022,France,Denmark,2,1,2022 FIFA Men's World Cup,Doha,Qatar,TRUE,group stage,0,0,0,M-2022-23
26-11-2022,Argentina,Mexico,2,0,2022 FIFA Men's World Cup,Lusail,Qatar,TRUE,group stage,0,0,0,M-2022-24
27-11-2022,Japan,Costa Rica,0,1,2022 FIFA Men's World Cup,Al Rayyan,Qatar,TRUE,group stage,0,0,0,M-2022-25
27-11-2022,Belgium,Morocco,0,2,2022 FIFA Men's World Cup,Doha,Qatar,TRUE,group stage,0,0,0,M-2022-26
27-11-2022,Croatia,Canada,4,1,2022 FIFA Men's World Cup,Al Rayyan,Qatar,TRUE,group stage,0,0,0,M-2022-27
27-11-2022,Spain,Germany,1,1,2022 FIFA Men's World Cup,Al Khor,Qatar,TRUE,group stage,0,0,0,M-2022-28
28-11-2022,Cameroon,Serbia,3,3,2022 FIFA Men's World Cup,Al Wakrah,Qatar,TRUE,group stage,0,0,0,M-2022-29
28-11-2022,South Korea,Ghana,2,3,2022 FIFA Men's World Cup,Al Rayyan,Qatar,TRUE,group stage,0,0,0,M-2022-30
28-11-2022,Brazil,Switzerland,1,0,2022 FIFA Men's World Cup,Doha,Qatar,TRUE,group stage,0,0,0,M-2022-31
28-11-2022,Portugal,Uruguay,2,0,2022 FIFA Men's World Cup,Lusail,Qatar,TRUE,group stage,0,0,0,M-2022-32
29-11-2022,Ecuador,Senegal,1,2,2022 FIFA Men's World Cup,Al Rayyan,Qatar,TRUE,group stage,0,0,0,M-2022-33
29-11-2022,Netherlands,Qatar,2,0,2022 FIFA Men's World Cup,Al Khor,Qatar,TRUE,group stage,0,0,0,M-2022-34
29-11-2022,Iran,United States,0,1,2022 FIFA Men's World Cup,Doha,Qatar,TRUE,group stage,0,0,0,M-2022-35
29-11-2022,Wales,England,0,3,2022 FIFA Men's World Cup,Al Rayyan,Qatar,TRUE,group stage,0,0,0,M-2022-36
30-11-2022,Australia,Denmark,1,0,2022 FIFA Men's World Cup,Al Wakrah,Qatar,TRUE,group stage,0,0,0,M-2022-37
30-11-2022,Tunisia,France,1,0,2022 FIFA Men's World Cup,Al Rayyan,Qatar,TRUE,group stage,0,0,0,M-2022-38
30-11-2022,Poland,Argentina,0,2,2022 FIFA Men's World Cup,Doha,Qatar,TRUE,group stage,0,0,0,M-2022-39
30-11-2022,Saudi Arabia,Mexico,1,2,2022 FIFA Men's World Cup,Lusail,Qatar,TRUE,group stage,0,0,0,M-2022-40
01-12-2022,Canada,Morocco,1,2,2022 FIFA Men's World Cup,Doha,Qatar,TRUE,group stage,0,0,0,M-2022-41
01-12-2022,Croatia,Belgium,0,0,2022 FIFA Men's World Cup,Al Rayyan,Qatar,TRUE,group stage,0,0,0,M-2022-42
01-12-2022,Costa Rica,Germany,2,4,2022 FIFA Men's World Cup,Al Khor,Qatar,TRUE,group stage,0,0,0,M-2022-43
01-12-2022,Japan,Spain,2,1,2022 FIFA Men's World Cup,Al Rayyan,Qatar,TRUE,group stage,0,0,0,M-2022-44
02-12-2022,Ghana,Uruguay,0,2,2022 FIFA Men's World Cup,Al Wakrah,Qatar,TRUE,group stage,0,0,0,M-2022-45
02-12-2022,South Korea,Portugal,2,1,2022 FIFA Men's World Cup,Al Rayyan,Qatar,TRUE,group stage,0,0,0,M-2022-46
02-12-2022,Cameroon,Brazil,1,0,2022 FIFA Men's World Cup,Lusail,Qatar,TRUE,group stage,0,0,0,M-2022-47
02-12-2022,Serbia,Switzerland,2,3,2022 FIFA Men's World Cup,Doha,Qatar,TRUE,group stage,0,0,0,M-2022-48
03-12-2022,Netherlands,United States,3,1,2022 FIFA Men's World Cup,Al Rayyan,Qatar,TRUE,round of 16,1,0,0,M-2022-49
03-12-2022,Argentina,Australia,2,1,2022 FIFA Men's World Cup,Al Rayyan,Qatar,TRUE,round of 16,1,0,0,M-2022-50
04-12-2022,France,Poland,3,1,2022 FIFA Men's World Cup,Doha,Qatar,TRUE,round of 16,1,0,0,M-2022-51
04-12-2022,England,Senegal,3,0,2022 FIFA Men's World Cup,Al Khor,Qatar,TRUE,round of 16,1,0,0,M-2022-52
05-12-2022,Japan,Croatia,1,1,2022 FIFA Men's World Cup,Al Wakrah,Qatar,TRUE,round of 16,1,1,1,M-2022-53
05-12-2022,Brazil,South Korea,4,1,2022 FIFA Men's World Cup,Doha,Qatar,TRUE,round of 16,1,0,0,M-2022-54
06-12-2022,Morocco,Spain,0,0,2022 FIFA Men's World Cup,Al Rayyan,Qatar,TRUE,round of 16,1,1,1,M-2022-55
06-12-2022,Portugal,Switzerland,6,1,2022 FIFA Men's World Cup,Lusail,Qatar,TRUE,round of 16,1,0,0,M-2022-56
09-12-2022,Croatia,Brazil,1,1,2022 FIFA Men's World Cup,Al Rayyan,Qatar,TRUE,quarter-finals,1,1,1,M-2022-57
09-12-2022,Netherlands,Argentina,2,2,2022 FIFA Men's World Cup,Lusail,Qatar,TRUE,quarter-finals,1,1,1,M-2022-58
10-12-2022,Morocco,Portugal,1,0,2022 FIFA Men's World Cup,Doha,Qatar,TRUE,quarter-finals,1,0,0,M-2022-59
10-12-2022,England,France,1,2,2022 FIFA Men's World Cup,Al Khor,Qatar,TRUE,quarter-finals,1,0,0,M-2022-60
13-12-2022,Argentina,Croatia,3,0,2022 FIFA Men's World Cup,Lusail,Qatar,TRUE,semi-finals,1,0,0,M-2022-61
14-12-2022,France,Morocco,2,0,2022 FIFA Men's World Cup,Al Khor,Qatar,TRUE,semi-finals,1,0,0,M-2022-62
17-12-2022,Croatia,Morocco,2,1,2022 FIFA Men's World Cup,Al Rayyan,Qatar,TRUE,third-place match,1,0,0,M-2022-63
18-12-2022,Argentina,France,3,3,2022 FIFA Men's World Cup,Lusail,Qatar,TRUE,final,1,1,1,M-2022-64
11-06-2026,Mexico,South Africa,2,0,2026 FIFA Men's World Cup,Mexico City,Mexico,TRUE,group stage,0,0,0,M-2026-01
11-06-2026,Korea Republic,Czechia,2,1,2026 FIFA Men's World Cup,Guadalajara,Mexico,TRUE,group stage,0,0,0,M-2026-02
12-06-2026,Canada,Bosnia and Herzegovina,1,1,2026 FIFA Men's World Cup,Toronto,Canada,TRUE,group stage,0,0,0,M-2026-03
12-06-2026,USA,Paraguay,4,1,2026 FIFA Men's World Cup,Los Angeles,USA,TRUE,group stage,0,0,0,M-2026-04
13-06-2026,Haiti,Scotland,0,1,2026 FIFA Men's World Cup,Boston,USA,TRUE,group stage,0,0,0,M-2026-05
13-06-2026,Australia,Turkiye,2,0,2026 FIFA Men's World Cup,Vancouver,Canada,TRUE,group stage,0,0,0,M-2026-06
13-06-2026,Brazil,Morocco,1,1,2026 FIFA Men's World Cup,New York,USA,TRUE,group stage,0,0,0,M-2026-07
13-06-2026,Qatar,Switzerland,1,1,2026 FIFA Men's World Cup,San Francisco,USA,TRUE,group stage,0,0,0,M-2026-08
14-06-2026,Cote d'Ivoire,Ecuador,1,0,2026 FIFA Men's World Cup,Philadelphia,USA,TRUE,group stage,0,0,0,M-2026-09
14-06-2026,Germany,Curacao,7,1,2026 FIFA Men's World Cup,Houston,USA,TRUE,group stage,0,0,0,M-2026-10
14-06-2026,Netherlands,Japan,2,2,2026 FIFA Men's World Cup,Dallas,USA,TRUE,group stage,0,0,0,M-2026-11
14-06-2026,Sweden,Tunisia,5,1,2026 FIFA Men's World Cup,Monterrey,Mexico,TRUE,group stage,0,0,0,M-2026-12
15-06-2026,Saudi Arabia,Uruguay,1,1,2026 FIFA Men's World Cup,Miami,USA,TRUE,group stage,0,0,0,M-2026-13
15-06-2026,Spain,Cabo Verde,0,0,2026 FIFA Men's World Cup,Atlanta,USA,TRUE,group stage,0,0,0,M-2026-14
15-06-2026,IR Iran,New Zealand,2,2,2026 FIFA Men's World Cup,Los Angeles,USA,TRUE,group stage,0,0,0,M-2026-15
15-06-2026,Belgium,Egypt,1,1,2026 FIFA Men's World Cup,Seattle,USA,TRUE,group stage,0,0,0,M-2026-16
16-06-2026,France,Senegal,3,1,2026 FIFA Men's World Cup,New York,USA,TRUE,group stage,0,0,0,M-2026-17
16-06-2026,Iraq,Norway,1,4,2026 FIFA Men's World Cup,Boston,USA,TRUE,group stage,0,0,0,M-2026-18
16-06-2026,Argentina,Algeria,3,0,2026 FIFA Men's World Cup,Kansas City,USA,TRUE,group stage,0,0,0,M-2026-19
16-06-2026,Austria,Jordan,3,1,2026 FIFA Men's World Cup,San Francisco,USA,TRUE,group stage,0,0,0,M-2026-20
17-06-2026,Ghana,Panama,1,0,2026 FIFA Men's World Cup,Toronto,Canada,TRUE,group stage,0,0,0,M-2026-21
17-06-2026,England,Croatia,4,2,2026 FIFA Men's World Cup,Dallas,USA,TRUE,group stage,0,0,0,M-2026-22
17-06-2026,Portugal,Congo DR,1,1,2026 FIFA Men's World Cup,Houston,USA,TRUE,group stage,0,0,0,M-2026-23
17-06-2026,Uzbekistan,Colombia,1,3,2026 FIFA Men's World Cup,Mexico City,Mexico,TRUE,group stage,0,0,0,M-2026-24
18-06-2026,Czechia,South Africa,1,1,2026 FIFA Men's World Cup,Atlanta,USA,TRUE,group stage,0,0,0,M-2026-25
18-06-2026,Switzerland,Bosnia and Herzegovina,4,1,2026 FIFA Men's World Cup,Los Angeles,USA,TRUE,group stage,0,0,0,M-2026-26
18-06-2026,Canada,Qatar,6,0,2026 FIFA Men's World Cup,Vancouver,Canada,TRUE,group stage,0,0,0,M-2026-27
18-06-2026,Mexico,Korea Republic,1,0,2026 FIFA Men's World Cup,Guadalajara,Mexico,TRUE,group stage,0,0,0,M-2026-28
19-06-2026,Brazil,Haiti,3,0,2026 FIFA Men's World Cup,Philadelphia,USA,TRUE,group stage,0,0,0,M-2026-29
19-06-2026,Scotland,Morocco,0,1,2026 FIFA Men's World Cup,Boston,USA,TRUE,group stage,0,0,0,M-2026-30
19-06-2026,Turkiye,Paraguay,0,1,2026 FIFA Men's World Cup,San Francisco,USA,TRUE,group stage,0,0,0,M-2026-31
19-06-2026,USA,Australia,2,0,2026 FIFA Men's World Cup,Seattle,USA,TRUE,group stage,0,0,0,M-2026-32
20-06-2026,Germany,C�te d'Ivoire,2,1,2026 FIFA Men's World Cup,Toronto,Canada,TRUE,group stage,0,0,0,M-2026-33
20-06-2026,Ecuador,Cura�ao,0,0,2026 FIFA Men's World Cup,Kansas City,USA,TRUE,group stage,0,0,0,M-2026-34
20-06-2026,Netherlands,Sweden,5,1,2026 FIFA Men's World Cup,Houston,USA,TRUE,group stage,0,0,0,M-2026-35
20-06-2026,Tunisia,Japan,0,4,2026 FIFA Men's World Cup,Monterrey,Mexico,TRUE,group stage,0,0,0,M-2026-36
21-06-2026,Uruguay,Cabo Verde,2,2,2026 FIFA Men's World Cup,Miami,USA,TRUE,group stage,0,0,0,M-2026-37
21-06-2026,Spain,Saudi Arabia,4,0,2026 FIFA Men's World Cup,Atlanta,USA,TRUE,group stage,0,0,0,M-2026-38
21-06-2026,Belgium,IR Iran,0,0,2026 FIFA Men's World Cup,Los Angeles,USA,TRUE,group stage,0,0,0,M-2026-39
21-06-2026,New Zealand,Egypt,1,3,2026 FIFA Men's World Cup,Vancouver,Canada,TRUE,group stage,0,0,0,M-2026-40
22-06-2026,Norway,Senegal,3,2,2026 FIFA Men's World Cup,New York,USA,TRUE,group stage,0,0,0,M-2026-41
22-06-2026,France,Iraq,3,0,2026 FIFA Men's World Cup,Philadelphia,USA,TRUE,group stage,0,0,0,M-2026-42
22-06-2026,Argentina,Austria,2,0,2026 FIFA Men's World Cup,Dallas,USA,TRUE,group stage,0,0,0,M-2026-43
22-06-2026,Jordan,Algeria,1,2,2026 FIFA Men's World Cup,San Francisco,USA,TRUE,group stage,0,0,0,M-2026-44
23-06-2026,England,Ghana,0,0,2026 FIFA Men's World Cup,Boston,USA,TRUE,group stage,0,0,0,M-2026-45
23-06-2026,Panama,Croatia,0,1,2026 FIFA Men's World Cup,Toronto,Canada,TRUE,group stage,0,0,0,M-2026-46
23-06-2026,Portugal,Uzbekistan,5,0,2026 FIFA Men's World Cup,Houston,USA,TRUE,group stage,0,0,0,M-2026-47
23-06-2026,Colombia,Congo DR,1,0,2026 FIFA Men's World Cup,Guadalajara,Mexico,TRUE,group stage,0,0,0,M-2026-48
24-06-2026,Scotland,Brazil,0,3,2026 FIFA Men's World Cup,Miami,USA,TRUE,group stage,0,0,0,M-2026-49
24-06-2026,Morocco,Haiti,4,2,2026 FIFA Men's World Cup,Atlanta,USA,TRUE,group stage,0,0,0,M-2026-50
24-06-2026,Switzerland,Canada,2,1,2026 FIFA Men's World Cup,Vancouver,Canada,TRUE,group stage,0,0,0,M-2026-51
24-06-2026,Bosnia and Herzegovina,Qatar,3,1,2026 FIFA Men's World Cup,Seattle,USA,TRUE,group stage,0,0,0,M-2026-52
24-06-2026,Czechia,Mexico,0,3,2026 FIFA Men's World Cup,Mexico City,Mexico,TRUE,group stage,0,0,0,M-2026-53
24-06-2026,South Africa,Korea Republic,1,0,2026 FIFA Men's World Cup,Monterrey,Mexico,TRUE,group stage,0,0,0,M-2026-54
25-06-2026,Curacao,Cote d'Ivoire,0,2,2026 FIFA Men's World Cup,Philadelphia,USA,TRUE,group stage,0,0,0,M-2026-55
25-06-2026,Ecuador,Germany,2,1,2026 FIFA Men's World Cup,New York,USA,TRUE,group stage,0,0,0,M-2026-56
25-06-2026,Japan,Sweden,1,1,2026 FIFA Men's World Cup,Dallas ,USA,TRUE,group stage,0,0,0,M-2026-57
25-06-2026,Tunisia,Netherlands,1,3,2026 FIFA Men's World Cup,Kansas City,USA,TRUE,group stage,0,0,0,M-2026-58
25-06-2026,T�rkiye,USA,3,2,2026 FIFA Men's World Cup,Los Angeles ,USA,TRUE,group stage,0,0,0,M-2026-59
25-06-2026,Paraguay,Australia,0,0,2026 FIFA Men's World Cup,San Francisco ,USA,TRUE,group stage,0,0,0,M-2026-60
26-06-2026,Norway,France,1,4,2026 FIFA Men's World Cup,Boston,USA,TRUE,group stage,0,0,0,M-2026-61
26-06-2026,Senegal,Iraq,5,0,2026 FIFA Men's World Cup,Toronto,Canada,TRUE,group stage,0,0,0,M-2026-62
26-06-2026,Egypt,IR Iran,1,1,2026 FIFA Men's World Cup,Seattle,USA,TRUE,group stage,0,0,0,M-2026-63
26-06-2026,New Zealand,Belgium,1,5,2026 FIFA Men's World Cup,Vancouver,Canada,TRUE,group stage,0,0,0,M-2026-64
26-06-2026,Cabo Verde,Saudi Arabia,0,0,2026 FIFA Men's World Cup,Houston,USA,TRUE,group stage,0,0,0,M-2026-65
26-06-2026,Uruguay,Spain,0,1,2026 FIFA Men's World Cup,Guadalajara,Mexico,TRUE,group stage,0,0,0,M-2026-66
27-06-2026,Panama,England,0,2,2026 FIFA Men's World Cup,New Jersey,USA,TRUE,group stage,0,0,0,M-2026-67
27-06-2026,Croatia,Ghana,2,1,2026 FIFA Men's World Cup,Philadelphia,USA,TRUE,group stage,0,0,0,M-2026-68
27-06-2026,Algeria,Austria,3,3,2026 FIFA Men's World Cup,Kansas City,USA,TRUE,group stage,0,0,0,M-2026-69
27-06-2026,Jordan,Argentina,1,3,2026 FIFA Men's World Cup,Dallas,USA,TRUE,group stage,0,0,0,M-2026-70
27-06-2026,Colombia,Portugal,0,0,2026 FIFA Men's World Cup,Miami,USA,TRUE,group stage,0,0,0,M-2026-71
27-06-2026,Congo DR,Uzbekistan,3,1,2026 FIFA Men's World Cup,Atlanta,USA,TRUE,group stage,0,0,0,M-2026-72
28-06-2026,South Africa,Canada,0,1,2026 FIFA Men's World Cup,Los Angeles ,USA,TRUE,round of 32,1,0,0,M-2026-73
29-06-2026,Germany,Paraguay,1,1,2026 FIFA Men's World Cup,Boston,USA,TRUE,round of 32,1,0,1,M-2026-74
29-06-2026,Netherlands,Morocco,1,1,2026 FIFA Men's World Cup,Monterrey,Mexico,TRUE,round of 32,1,0,1,M-2026-75
29-06-2026,Brazil,Japan,2,1,2026 FIFA Men's World Cup,Houston,USA,TRUE,round of 32,1,0,0,M-2026-76
,,,,,,,,,,,,,
,,,,,,,,,,,,,
,,,,,,,,,,,,,
,,,,,,,,,,,,,
,,,,,,,,,,,,,
,,,,,,,,,,,,,
,,,,,,,,,,,,,
,,,,,,,,,,,,,
,,,,,,,,,,,,,
,,,,,,,,,,,,,
,,,,,,,,,,,,,
,,,,,,,,,,,,,
